iter	RMSE
0	72672.88415
1	72163.98911
2	71712.69936
3	73081.96593
4	72650.78239
5	72220.32579
6	71782.21693
7	71278.1668
8	70813.88807
9	70377.97686
10	69978.33713
11	69587.24349
12	69126.8455
13	68670.91614
14	68268.64291
15	67806.77334
16	67349.22894
17	66934.09385
18	66526.38881
19	66113.48795220	65680.20315221	65252.60374222	64838.96744223	64449.18293224	64028.60012225	63639.06939
26	63252.39455
27	62852.61311228	62456.35633
29	62053.08617
30	61665.76026
31	61279.65345332	60901.5246533	59188.50477
34	58856.40666335	58497.38789
36	58159.31361
37	57820.496853338	58809.2253939	57147.6096440	56838.28641	441	57802.142	5442	57537.45769443	57259.60805444	56941.11581445	56601.80768446	56273.56263447	55938.32884448	55637.45659449	55312.68745550	54991.38828551	54684.5959252	53154.90764
53	52834.06757
554	53757.59721555	53463.07605656	53188.92805757	52923.68425858	52630.83635559	52339.04846060	52045.62176161	51781.36662	62	51515.84563	63	51252.51864	64	50953.02965	65	50665.69966	66	50408.81167	67	50162.89768	68	49868.10369	69	49606.83101
70	49343.75235
71	4972	49115.372	4873	48845.873	4874	48574.074	4875	48327.775	4876	48091.576	4777	47820.477	4778	47549.678	4779	47309.979	4780	47043.880	4681	46796.581	4682	46553.382	4683	46296.083	4684	46076.80324
85	45852.96184
86	45610.05146
87	45392.75699
88	45133.99461
89	44906.89	4490	44670.05306
91	44446.68647
92	44221.92602
93	44008.53959
94	43786.20352
95	43587.15243
96	43373.95747
97	43156.15934
98	42935.87686
99	42738.47755
100	42543.19772
101	42328.81637
102	42138.22187
103	41938.5531
104	41739.74122
105	41550.13647
106	41354.36695
107	41153.75462
108	40951.56433
109	40773.37545
110	40583.10689
111	40447.03518
112	40285.86646
113	40089.86757
114	39914.28216
115	39734.27941
116	39556116	395117	39363.97045
118	39195118	392119	39030119	390120	38861.09222
121	38696.32898
122	38523.83106
123	38340.61159
124	38184.24158
125	38025.70995
126	37864.5035
127	37702.68692
128	37535.27577
129	37378.60063
130	37223.72626
131	37074.07791
132	36909.61045
133	36770.45367
134	36611.06979
135	36453.6144
136	36290.06768
137	36148.93063
138	36015.62112
139	35876.52765
140	35740.7716
141	35587.0494
142	35462.74912
143	35321.37207
144	35179.56946
145	35031.00224
146	34905.59673
147	34760.15451
148	34628.05295
149	34484.44636
150	34347.59825
151	34208.60195
152	34060.34382
153	33930.64625
154	33787.12855
155	33645.36244
156	33502.05147
157	33368.70262
158	33232.24636
159	33100.48887
160	32970.88097
161	32840.87252
162	32714.37805
163	32599.84297
164	32481.19679
165	32341.39509
166	32237.59095
167	32125.46302
168	32010.41993
169	31885.07047
170	31782.68091
171	31656.7313
172	31568.38776
173	31468.40356
174	31347.82902
175	31225.15201
176	31114.17831
177	30990.67073
178	30896.1267
179	30784.5603
180	30672.86932
181	30574.52995
182	30473.54415
183	30369.39564
184	30283.5825
185	30186.75101
186	30092.35512
187	30003.42461
188	29910.31006
189	29826.66834
190	29730.11338
191	29640.13885
192	29546.22001
193	29454.24099
194	29355.46814
195	29260.86785
196	29168.0545
197	29078.28093
198	28976.51502
199	28893.13332
200	28808.67238
201	28716.05266
202	28622.33972
203	28525.2887
204	28438.88388
205	28343.982
206	28269.10167
207	28187.71814
208	28109.78519
209	28048.10398
210	27959.87967
211	27871.9603
212	27799.0589
213	27727.68154
214	27636.81179
215	27553.28232
216	27470.93659
217	27385.55783
218	27317.7014
219	27232.10506
220	27165.30852
221	27093.81772
222	27030.62106
223	26961.55082
224	26884.48239
225	26812.77102
226	26728.21222227	26657.261932228	26590.054332229	26502.15862
230	26436.17708
231	26357.58455
232	26287.46211
233	26212.92555
234	26154.80517
235	26085.02712
236	26025.82009
237	25963.58209
238	25904.12343
239	25840.51316
240	25779.69849
241	25707.647724242	25642.923524243	25569.588124244	25496.357724245	25429.019224246	25371.824624247	25320.358324248	25272.818824249	25215.00092250	25152.682
251	25082.04165
252	25020.77849
253	24960.92148
254	24902.07087
255	24843.7325
256	24792.62762
257	24733.47453
258	24675.50779
259	24621.52977
260	24559.46805
26260	24088.709826261	24034.9024263	24403.00766
264	24350.53027
265	24302.04824
266	24250.71857
267	24193.72601
268	24139.298372269	24081.682062270	24023.529327271	23972.1083
272	23918.98814
273	23865.65448
274	23814.23107
275	23759.92093
276	23711.784276277	23657.57956
278	23607.04001
279	23562.49708
280	23510.88241
281	23466.30033
282	23408.88087
283	23351.27327
284	23304.80307
285	23259.67086
286	23206.93406
287	23154.74056
288	23107.57575
289	23056.78997
290	23013.27738
291	22963.24822
292	22911.77981
293	22865.12104
294	22812.74366
295	22779.63358
296	22743.17737
297	22697.43627
298	22656.46478
299	22618.78924
300	22573.46697
301	22525.82295
302	22478.94853
303	22436.6228
304	22391.47067
30304	22620.143430305	22583.462430306	22541.853430307	22492.619309	22151.70978
310	22101.60495
311	22059.86345
312	22021.55816
313	21985.57931
314	21947.27485
315	21901.55707
316	21858.9153
317	21818.96916
318	21789.00028
319	21748.35675
3319	22037.79028321	21672.86113
3321	21963.885893322	21928.578932323	21885.200832324	21852.195332325	21817.620232326	21774.129032327	21735.688532328	21704.592733329	21666.423933330	21636.68813331	21602.436083332	21565.009233333	21531.513833334	21494.155233335	21455.097433336	21423.132633337	21390.517033338	21353.0217340	20946.91565
341	20910.13039
342	20877.02795
343	20841.53002
344	20807.97166
345	20770.73016
346	20736.69767
347	20706.56154
348	20677.77942
349	20645.695723350	20610.807543351	20579.153333352	20546.738133353	20514.4022
354	20486.24389
355	20455.16816
356	20423.00943
357	20396.94629
358	20361.46386
359	20328.52052
360	20295.92651
361	20269.38812
362	20242.39865
363	20213.26001
364	20185.35596
365	20153.8848
366	20122.88113
367	20097.58497
368	20063.71333
369	20034.98171
370	20010.34739
371	19977.73735
372	19946.903
373	19919.30335
374	19891.00624
375	19872.58187
376	19844.32325
377	19812.9485
378	19778.59441
379	19750.45676
380	19721.88351
381	19697.69933
382	19670.93938
383	19645.04037
384	19621.24165
385	19595.60709
386	19577.55189
387	19552.35981
388	19526.71832
389	19502.32031
390	19477.93907
391	19456.59442
392	19425.52333
393	19404.89087
394	19380.11195
395	19352.09129
396	19324.67406
397	19298.05315
398	19273.59471
399	19251.58355
400	19230.74322
401	19209.16967
402	19182.65538
403	19157.81569
404	19123.9631
405	19101.52336
406	19078.45436
407	19055.70237
408	19034.21806
409	19013.17696
410	18982.74323
411	18961.65281
412	18946.19313
413	18924.32585
414	18900.23772
415	18875.9189
416	18845.92879
417	18826.23333
418	18799.60135
419	18773.91403
420	18755.00937
421	18733.95859
422	18712.32996
423	18687.45714
424	18665.5234
425	18641.09623
426	18621.09341
427	18594.35339
428	18575.4122
429	18556.78169
430	18530.70272
431	18511.30493
432	18490.16422
433	18472.788
434	18451.59866
435	18432.60957
436	18413.28364
437	18391.38712
438	18374.86307
439	18354.44562
440	18332.82364
441	18313.706
442	18292.37437
443	18267.92564
444	18246.6971
445	18224.87011
446	18200.29332
447	18181.17052
448	18161.0287
449	18137.68584
450	18112.94493
451	18096.29071
452	18077.86021
453	18059.48877
454	18046.26938
455	18025.48638
456	18012.6816
457	17992.28244
458	17973.39947
459	17950.76595
460	17935.24529
461	17915.28025
462	17902.63606
463	17882.53201
464	17865.31185
465	17843.78591
466	17821.76055
467	17805.220544468	17790.587324469	17766.139614470	17746.749844471	17723.110174472	17701.049784473	17680.557254474	17660.063534475	17641.058134476	17622.280147477	17604.38264478	17587.631074479	17570.896534480	17552.206874481	17534.5548
482	17514.954534483	17501.920394484	17481.178564485	17456.734184486	17437.448154487	17425.4046
488	17408.61378
489	17386.9929
490	17373.2008
491	17355.53346
492	17340.7193
493	17320.75505
494	17305.22471
495	17288.81869
496	17276.60933
497	17261.553
498497	17685.362499498	17667.48750499	17656.02915500	17636.95772502	17186.89147
503	17172.54863
5503	17593.04724505	17139.72199
506	17120.09973
507	17104.15983
508	17088.88654
509	17076.19313
510	17057.18357
511	17044.18702
511	17463.497345512	17444.577355513	17429.779125514	17416.2507
515	17401.45068
516	17379.04479
517	17360.86057
518	17345.68798
519	17329.7017
520	17314.19158
521	17297.87007
522	17282.10186
523	17269.0261
524	17258.74043
525	17241.18887
526	17223.25603
527	17205.64552
528	17190.52666
529	17174.19674
530	17161.59755
53532	16718.484353533	16708.765653534	16695.562453535	16680.654553536	16668.074053537	16650.715553538	16636.947453539	16619.170539	17032.63342
540	17022.31787
541	17012.00525
542	16996.89673
543	16977.58989
544	16963.37097
545	16951.68874
546	16937.58787
547	16922.24753
548	16903.95558
549	16891.74964
550	16879.82348
551	16864.63125
552	16850.04233
553	16837.81812
554	16828.4315
555	16813.36961
556	16805.48713
557	16786.17908
558	16774.76785
559	16760.896865560	16744.6324
561	16734.23355
562	16724.6147
563	16712.38406
564	16698.7014
565	16690.05517
566	16676.40861
567	16662.8216
568	16650.79335
569	16632.20487
570	16616.24777
571	16604.78814
572	16586.2813
573	16573.49063
574	16560.463
575	16547.54647
576	16536.50453
577	16526.663
578	16508.3497
579	16496.15557
580	16483.68416
581	16471.17364
582	16456.76173
583	16445.6408
584	16433.80426
585	16421.70364
586	16402.06245
587	16392.79935
588	16386.25829
589	16375.6798
590	16363.51088
591	16357.93136
592	16342.87114
593	16327.11858
594	16316.02996
595	16303.47685
596	16291.01618
597	16281.55383
598	16269.98517
599	16259.27369
600	16248.2889
601	16239.99488
602	16228.5052
603	16218.59687
604	16201.58283
605	16191.19103
606	16179.14294
607	16165.86351
608	16154.4687
609	16141.99073
610	16132.30104
611	16121.94213
612	16107.7331
613	16096.44133
614	16076.96867
615	16070.36268
616	16061.95568
617	16053.58156
618	16042.9606
619	16031.7086
620	16022.62512
621	16014.85021
622	16002.52777
623	15991.73786
624	15981.60984
625	15966.60745
626	15958.27918
627	15947.4817
628	15932.18862
629	15918.16427
630	15902.26334
631	15890.75995
632	15876.69639
633	15867.70203
634	15858.71606
635	15848.67761
636	15831.33325
637	15824.60377
638	15816.37815
639	15804.24604
640	15793.20695
641	15785.01369
642	15769.14302
643	15759.60505
644	15747.27333
645	15738.71977
646	15726.34865
647	15717.53079
648	15705.42234
649	15689.61403
650	15677.99759
651	15665.69129
652	15654.8729
653	15643.32229
654	15632.23768
655	15617.98979
656	15608.6182
657	15596.84535
658	15587.52492
659	15577.08338
660	15566.94066
661	15556.45636
662	15543.95425
663	15527.44171
664	15519.6213
665	15509.81128
666	15496.72906
667	15489.27846
668	15480.76505
669	15469.55416
670	15456.42209
671	15445.53005
672	15440.88879
673	15430.93754
674	15425.04397
675	15411.39259
676	15398.35001
677	15391.53059
678	15381.10837
679	15371.9756
680	15356.80845
681	15344.97679
682	15325.43275
683	15313.97236
684	15301.74959
685	15291.83516
686	15290.2699
687	15278.83365
688	15271.65099
689	15264.04952
690	15257.48965
691	15250.50367
692	15240.96041
693	15232.95845
694	15226.32112
695	15212.7888
696	15203.59034
697	15195.238
698	15189.81368
699	15183.65312
700	15176.82507
701	15163.88315
702	15156.92625
703	15148.65904
704	15132.15829
705	15122.1412
706	15108.02976
707	15099.25593
708	15082.85741
709	15073.41741
710	15061.61658
711	15054.05204
712	15044.03079
713	15034.48088
714	15028.49711
715	15017.70768
716	15010.57824
717	15000.84881
718	14989.86374
719	14983.33279
720	14973.11853
721	14963.38747
722	14956.04049
723	14949.25247
724	14939.53926
725	14929.94419
726	14918.08388
727	14908.05362
728	14898.30069
729	14893.8533
730	14886.25262
731	14877.05347
732	14864.41052
733	14855.28606
734	14845.94851
735	14838.41024
736	14826.8858
737	14817.51729
738	14805.44937
739	14794.84338
740	14783.42091
741	14777.91286
742	14769.63763
743	14766.1562
744	14761.19218
745	14755.07162
746	14741.31337
747	14731.44582
748	14727.80917
749	14722.82486
750	14712.99209
751	14703.00011
752	14693.77074
753	14686.57807
754	14680.73577
755	14674.46099
756	14665.10266
757	14663.47922
758	14658.00748
759	14647.16941
760	14641.5627
761	14633.75816
762	14624.44879
763	14612.53775
764	14610.43308
765	14602.31398
766	14593.21503
767	14582.40793
768	14575.1291
769	14570.49776
770	14561.81839
771	14553.92021
772	14545.1004
773	14541.15835
774	14534.90473
775	14523.4651
776	14516.29813
777	14507.57209
778	14499.24555
779	14490.112
780	14483.93838
781	14478.16622
782	14468.05634
783	14465.95282
784	14458.68786
785	14449.11904
786	14440.27534
787	14431.09406
788	14419.28922
789	14414.78377
790	14409.59702
791	14407.44795
792	14401.61773
793	14391.34848
794	14386.2237
795	14380.61753
796	14369.32037
797	14364.52049
798	14360.82518
799	14356.65975
800	14351.66171
801	14344.18267
802	14341.80007
803	14340.18737
804	14330.89916
805	14323.85588
806	14319.6419
807	14310.75196
808	14302.45376
809	14292.39592
810	14285.30648
811	14271.82367
812	14260.81293
813	14254.56984
814	14251.5852
815	14248.00632
816	14241.75057
817	14227.60192
818	14218.25893
819	14206.31466
820	14199.04444
821	14192.64254
822	14188.51327
823	14180.76327
824	14177.89907
825	14174.25844
826	14165.48975
827	14154.7639
828	14146.08449
829	14136.55687
830	14123.43899
831	14120.48271
832	14116.75468
833	14111.05969
834	14102.01236
835	14090.11892
836	14079.79752
837	14072.51842
838	14066.0758
839	14052.58912
840	14040.55514
841	14032.81906
842	14030.44441
843	14022.00868
844	14015.16932
845	14007.57274
846	14003.93624
847	13999.90586
848	13995.50524
849	13992.05686
850	13978.30019
851	13970.51765
852	13960.84215
853	13952.73307
854	13949.21912
855	13936.34841
856	13929.39853
857	13922.98755
858	13913.32923
859	13904.0036
860	13898.93454
861	13895.05139
862	13890.93243
863	13887.40956
864	13878.32204
865	13874.63145
866	13871.62515
867	13864.06993
868	13859.23381
869	13849.62563
870	13846.11431
871	13833.26162
872	13824.15079
873	13820.85496
874	13817.92387
875	13807.69059
876	13796.03726
877	13785.89088
878	13775.02891
879	13765.18219
880	13757.83239
881	13754.82329
882	13747.44605
883	13738.27636
884	13736.06169
885	13732.62044
886	13726.56826
887	13723.05923
888	13714.97648
889	13711.70062
890	13710.01775
891	13703.56133
892	13698.31315
893	13695.00635
894	13683.84371
895	13681.29576
896	13668.09382
897	13657.871
898	13648.67173
899	13640.97444
900	13633.9655
901	13630.73476
902	13623.49878
903	13619.79669
904	13613.12804
905	13601.40535
906	13592.61219
907	13584.52929
908	13576.06378
909	13565.88327
910	13562.83135
911	13559.86121
912	13550.24517
913	13540.79432
914	13538.84318
915	13533.57177
916	13527.70362
917	13524.15372
918	13520.73371
919	13512.37495
920	13504.38281
921	13496.02155
922	13486.71489
923	13483.43859
924	13481.52429
925	13479.93893
926	13471.4555
927	13461.40046
928	13449.88005
929	13448.28036
930	13441.4982
931	13435.68863
932	13425.18583
933	13418.29512
934	13415.86898
935	13406.28047
936	13402.30654
937	13391.42676
938	13382.89487
939	13373.37461
940	13367.10465
941	13363.98287
942	13356.028
943	13349.55387
944	13348.10179
945	13340.17116
946	13335.50361
947	13333.784
948	13323.77683
949	13314.11201
950	13302.01699
951	13299.12179
952	13296.79731
953	13294.41861
954	13287.97256
955	13280.10289
956	13274.73251
957	13263.95572
958	13257.71171
959	13246.09336
960	13240.65776
961	13237.87214
962	13231.41875
963	13218.08279
964	13211.33923
965	13209.08454
966	966	13080.51967	13189.9295
968	13186.12633
969	13178.21743
970	13169.89787
971	13167.22772
972	13159.01768
973	13155.09006
974	13152.72854
975	13144.81808
976	13135.25812
977	13128.75545
978	13121.16344
979	13111.59267
980	13109.39417
981	13102.18838
982	13097.12568
983	13086.71177
984	13074.88299
985	13066.81711
986	13057.30994
987	988	12590.988	13989	12589.989	13990	12581.990	13991	12574.991	13992	12572.992	13992	12901.993	13993	12892.994	13994	12883.995	12995	12876.996	12996	12865.997	12997	12859.998	19998	12853.999	12999	12847.1000	11000	128391001	12959.82294
1002	121002	12821003	12950.43969
1004	12942.86477
1005	12936.66159
1006	12934.20967
1007	12928.12523
1008	12921.85041
1009	1291009	12771010	1291010	12771011	1281011	1271012	12881012	1271013	12881013	1271014	12871014	1271015	12871015	1271016	12861016	1271017	12861017	1271018	12851018	1271019	1281019	12721020	1281020	12711021	1281021	12701022	1281022	12691023	1281023	1261024	12811024	1261025	12811025	1261026	12801026	1261027	12801027	1261028	1271028	12651029	1271029	12641030	1271030	12641031	1271031	12631032	1271032	12631033	1271033	12623.88608
1034	12611035	1271035	12611036	1271036	12601037	1271037	12588.51901
1038	12571039	121039	125741040	121040	125681041	121041	12561.42079
1042	12554.48164
1043	12546.10517
1044	12538.74732
1045	12532.3625
1046	12524.06583
1047	12517.76932
1048	12510.59763
1049	12503.77381
1050	12497.21052	1051	12489.47256
1052	12481.11054	1053	12473.11055	1054	12466.41056	1055	12457.91057	1056	12455.71058	1057	1244511059	11058	11058	1060	11059	11059	1061	11060	11060	1062	11061	12417.1063	11062	12409.1064	11063	12401.1065	11064	12397.1066	11065	123911067	121066	123821068	121067	123771069	121068	123711070	121069	123641071	121070	123101072	121071	123101073	11072	1234101074	11073	12335.1075	11074	12328.502
1075	12321.15751
1076	12311.53316
1077	12301.85726
1078	12295.05267
1079	12289.71621
1080	12287.14878
1081	12278.92901
1082	12272.04459
1083	12261084	1241084	12261085	1241085	12251086	1241086	12241087	1241087	12241088	1241088	12231089	1241089	12231090	1231090	1222101092	11091	1221101093	11092	1221093	12371093	1210941095	11094	12190.1096	11095	12189.1097	11096	121811098	111097	12174.14116
1098	12166.96951
1099	121571101	111100	121481102	111101	12141.63012
1102	12135.50676
1103	121104	122991104	121105	122911105	11106	12287.1106	11107	12279.1107	11108	12277.1108	11109	12268.1109	11110	12261.1110	12090.21665
1111	12084.89934
1112	11113	12241.1113	11114	122391114	121115	12231115	1201116	12221116	1201117	12211117	1201118	12211118	1201119	12211119	1201120	12201120	1201121	12191121	1201122	12181122	1201123	12183.35195
1124	12176.14086
1125	12174.57959
1126	12168.68087
1127	12159.96179
1128	12154.17413
1129	12144.63836
1130	121130	119861131	11131	11984.1132	12139.90711
1133	12133.41255
1134	12128.02355
1135	12119.11826
1136	12112.87484
1137	12107.86447
1138	12106.58188
1139	12101.0947
1140	12090.85445
1141	12082.44395
1142	12075.72594
1143	12069.01917
1144	12062.25775
1145	12054.87633
1146	12047.59786
1147	12046.10733
1148	12043.4446
1149	12041.89427
1150	12037.23387
1151	12031.62532
1152	12025.97928
1153	12018.10213
1154	12016.56791
1155	12011.70273
1156	12005.5274
1157	11998.96941
1158	11991.40098
1159	11988.90598
1160	11987.24639
1161	11982.57431
1162	11975.10218
1163	11970.6727
1164	11963.84033
1165	11956.52971
1166	11166	11758.1167	11167	11749.1168	11168	11745.1169	11169	11739.1170	11170	11733.1171	11171	11732.1172	11172	11725.1173	11173	11718.1174	11174	11711.1175	11175	11703.36601
1176	11698.1177	1177	11692.49931
1178	11687.26987
1179	11680.51180	1180	11679.1181	11181	11672.1182	11182	11666.1183	11183	11665.1184	11184	11658.1185	11185	11652.1186	11186	11646.1187	11187	11638.1188	11188	11633.1189	11189	116261190	111190	11615.70082
1191	116081192	111192	116031193	111193	11597.0312
1194	11589.04417
1195	11584.21319
1196	11578.93777
1197	11572.25344
1198	11571.51732
1199	11564.67555
1200	11558.05544
1201	11557.37173
1202	11551.64542
1203	11541.05161
1204	11540.52535
1205	11539.82691
1206	11531.28588
1207	11527.04594
1208	11210	113021209	111211	113011210	111212	112951211	111213	112941212	111214	112881213	111215	112801214	111216	112751215	111217	112751216	11218	11273.1217	11219	11272.1218	11220	11272.1219	11221	11265.1220	11222	11261.1221	11223	11255.1222	11224	112491223	111225	112421224	111226	1225	1225	111227	1226	1226	11228	11227	1227	1229	111228	12281230	1121229	12291231	1121230	12301232	1111231	12311233	1111232	12321234	1111233	1233	11354.31234	1234	11348.21235	1235	11342.91236	1231238	11171237	1237	11332.31238	1231240	11171239	1231241	11171240	1241242	11161241	1241243	11161242	1241244	1115124312431245	111244	11241246	1111245	11241247	1111246	11241248	1111247	11241249	11121.3951241250	111249	111241251250	11545.1212521251	11539.1212531252	11534.1512541253	11527.1212551254	11521.1212561255	11517.121251256	11511.9112581257	11506.011251258	11500.631121259	11496.0212121260	11487.5712121261	11481.3126121262	11474.8126121263	11470.148411264	11465.4371911265	11456.9672511266	11451.1973211267	11446.5063911268	11442.2848
1269	11435.5950611270	11431.0268
1271	11425.13869
1272	11419.14927
1273	11413.74617
1274	11406.54725
1275	11405.35349
1276	11395.74604
1277	11391.83204
1278	11387.42569
1279	11380.75415
1280	11375.27091
1281	11371.7734
1282	11365.22489
1283	11358.35033
1284	11357.41796
1285	11353.6997
1286	11346.77521
1287	11345.69726
1288	11338.35307
1289	11332.61789
1290	11331.52761
1291	11327.95345
1292	11326.87961
1293	11320.87004
1294	11319.38263
1295	11313.5135811296	11304.22421298	10844.50138
1299	10836.18524
1300	10827.62718
1301	10823.74212
1302	10816.75702
1303	10811.36414
1304	10803.35008
1305	10794.86307
1306	10791.54771
1307	10786.34213
1308	10778.60479
1309	10770.90799
1310	10765.24902
1311	10761.15068
1312	10754.36857
1313	10747.84814
1314	10740.78278
1315	10735.78156
1316	10734.79839
1317	10728.23678
1318	10727.25085
1319	10722.17985
1320	10716.83675
1321	10710.90555
1322	10706.6914411323	10702.0551911324	10694.9044611325	10692.4769411326	10683.1763211327	10678.3073511328	10671.4525911329	10666.9907
1330	10659.76586
1331	10653.32309
1332	10647.78308
1333	10640.3532711334	10632.3894
1335	10625.98138
1336	10621.82047
1337	10614.62516
1338	10612.23551
1339	10606.09313
1340	10598.59933
1341	10594.35337
1342	10586.80018
1343	10580.72344
1344	10576.74426
1345	10570.72234
1346	10564.38086
1347	10559.14869
1348	10554.48836
1349	10549.14966
1350	10548.20523
1351	10547.50994
1352	10541.25499
1353	10536.78
1354	10532.87852
1355	10527.86986
1356	10520.79795
1357	10515.95223
1358	10510.004
1359	10503.18217
1360	10496.94883
1361	10490.02374
1362	10484.75142
1363	10478.94234
1364	10470.91985
1365	10469.93984
1366	10462.40332
1367	10457.92118
1368	10450.67821
1369	10444.94575
1370	10439.75659
1371	10434.52209
1372	10428.3679
1373	10423.65438
1374	10418.36905
1375	10413.35031
1376	10409.05049
1377	10408.15066
1378	10401.87524
1379	10394.62286
1380	10389.20742
1381	10384.7142
1382	10379.73237
1383	10371.55486
1384	10370.90457
1385	10367.51879
1386	10366.6433
1387	10366.00227
1388	10363.93338
1389	10357.37414
1390	10356.27881
1391	10348.6982
1392	10342.24227
1393	10337.07783
1394	10331.09591
1395	10324.70967
1396	10317.21315
1397	10314.562
1398	10309.75466
1399	10308.98084
1400	10304.32093
1401	10298.32873
1402	10295.74235
1403	10288.30909
1404	10284.5285
1405	10279.85184
1406	10276.2178
1407	10269.88524
1408	10265.82242
1409	10260.37625
1410	10254.26778
1411	10249.207
1412	10248.4282
1413	10243.03797
1414	10242.2629
1415	10236.01423
1416	10230.93423
1417	10221.25183
1418	10214.70232
1419	10211.87031
1420	10207.61034
1421	10204.78542
1422	10200.34954
1423	10196.665
1424	10190.77342
1425	10185.22098
1426	10178.29741
1427	10170.20862
1428	10166.24248
1429	10161.69235
1430	10157.01561
1431	10149.55533
1432	10148.52677
1433	10143.40001
1434	10137.66094
1435	10130.41675
1436	10124.59701
1437	10119.17138
1438	10112.02532
1439	10111.08164
1440	10107.86284
1441	10105.65768
1442	10101.50543
1443	10094.12702
1444	10086.6282
1445	10081.24259
1446	10074.45503
1447	10068.73073
1448	10061.43614
1449	10057.07361
1450	10053.29381
1451	10052.4947
1452	10047.49348
1453	10042.39753
1454	10039.67224
1455	10037.26849
1456	10033.53287
1457	10026.98743
1458	10020.86881
1459	10020.10601
1460	10015.30336
1461	10010.7905
1462	10003.1012
1463	9996.847279
1464	9990.577678
1465	9984.338333
1466	9977.256935
1467	9970.559791
1468	9965.764561
1469	9961.507133
1470	9956.174496
1471	9950.765193
1472	9946.64595
1473	9942.539938
1474	9937.655755
1475	9931.444091
1476	9925.641991
1477	9922.313518
1478	9917.919415
1479	9913.748973
1480	9910.604855
1481	9904.609599
1482	9900.443345
1483	9894.028091
1484	9888.302504
1485	9883.08131
1486	9878.515035
1487	9873.023319
1488	9867.685565
1489	9863.008013
1490	9859.271729
1491	9852.268229
1492	9845.847254
1493	9840.342575
1494	9836.332627
1495	9829.885048
1496	9829.161125
1497	9822.990786
1498	9817.819085
1499	9814.220665
1500	9809.368085
1501	9804.028489
1502	9800.236918
1503	9795.100884
1504	9790.895797
1505	9785.462999
1506	9780.309566
1507	9775.186635
1508	9770.025806
1509	9763.735082
1510	9759.499727
1511	9751.933033
1512	9748.685572
1513	9742.904432
1514	9736.789062
1515	9732.159476
1516	9727.838619
1517	9727.123631
1518	9720.44328
1519	9714.53394
1520	9713.850997
1521	9708.367237
1522	9703.774995
1523	9697.190164
1524	9692.122111
1525	9687.624195
1526	9679.528224
1527	9677.292024
1528	9675.796246
1529	9669.705188
1530	9663.259183
1531	9658.740701
1532	9656.315007
1533	9649.235569
1534	9642.048009
1535	9634.444552
1536	9631.470832
1537	9626.151028
1538	9619.906449
1539	9612.65087
1540	9609.126875
1541	9603.098075
1542	9596.821365
1543	9590.684049
1544	9584.806211
1545	9577.309831
1546	9572.867399
1547	9566.857085
1548	9560.790702
1549	9559.745062
1550	9554.399066
1551	9548.089153
1552	9543.534983
1553	9539.968529
1554	9539.323297
1555	9535.332779
1556	9529.177542
1557	9524.323646
1558	9519.351244
1559	9513.251473
1560	9510.627313
1561	9506.005708
1562	9500.364076
1563	9493.869831
1564	9490.629447
1565	9485.56724
1566	9478.847219
1567	9472.672047
1568	9468.787641
1569	9463.393228
1570	9457.808705
1571	9451.696183
1572	9447.518172
1573	9443.322838
1574	9440.435309
1575	9435.618572
1576	9434.973064
1577	9429.486277
1578	9424.865965
1579	9418.080921
1580	9412.556965
1581	9407.089705
1582	9400.94011
1583	9397.519386
1584	9391.812344
1585	9385.474433
1586	9384.716683
1587	9380.612688
1588	9373.70128
1589	9368.836757
1590	9368.36955
1591	9364.152043
1592	9359.355746
1593	9354.77912
1594	9348.597984
1595	9342.321477
1596	9337.940239
1597	9333.577734
1598	9326.402816
1599	9323.135337
1600	9318.798011
1601	9312.673552
1602	9305.184407
1603	9299.959443
1604	9293.956988
1605	9289.684729
1606	9284.129632
1607	9278.986147
1608	9272.428414
1609	9268.15815
1610	9267.678577
1611	9262.112631
1612	9257.126823
1613	9253.327452
1614	9248.39636
1615	9242.81985
1616	9236.348034
1617	9232.818347
1618	9230.741509
1619	9225.666418
1620	9222.263596
1621	9215.50922
1622	9214.628065
1623	9211.189545
1624	9206.279543
1625	9200.787513
1626	9196.20955
1627	9190.204426
1628	9184.451981
1629	9181.132624
1630	9177.813946
1631	9171.981259
1632	9167.077493
1633	9160.801607
1634	9158.427824
1635	9157.689856
1636	9156.950265
1637	9151.881779
1638	9145.542161
1639	9139.578384
1640	9134.382186
1641	9126.929883
1642	9123.027139
1643	9118.407765
1644	9117.779874
1645	9110.4058
1646	9103.3088
1647	9098.955141
1648	9095.543834
1649	9090.029388
1650	9084.929388
1651	9080.804778
1652	9076.168275
1653	9072.331324
1654	9065.646587
1655	9062.393788
1656	9058.489166
1657	9055.107539
1658	9050.279956
1659	9044.870526
1660	9039.403054
1661	9031.455737
1662	9028.749546
1663	9024.40065
1664	9020.556791
1665	9015.387618
1666	9010.514691
1667	9006.949586
1668	9003.082734
1669	8997.609655
1670	8994.573311
1671	8992.132615
1672	8989.205351
1673	8983.406782
1674	8978.832913
1675	8976.020971
1676	8974.719376
1677	8969.076085
1678	8966.173763
1679	8962.373421
1680	8956.612339
1681	8954.365773
1682	8950.824228
1683	8947.815291
1684	8943.608497
1685	8938.277559
1686	8934.627437
1687	8930.785834
1688	8925.612316
1689	8920.505195
1690	8916.779788
1691	8912.297868
1692	8906.51936
1693	8899.909644
1694	8892.937891
1695	8886.807666
1696	8879.603142
1697	8875.065827
1698	8869.56836
1699	8865.227665
1700	8862.205471
1701	8857.952526
1702	8851.752054
1703	8845.272002
1704	8839.778906
1705	8833.586523
1706	8829.681254
1707	8824.671728
1708	8819.126087
1709	8814.0552
1710	8809.673577
1711	8806.081634
1712	8802.425793
1713	8796.463154
1714	8790.982332
1715	8785.291005
1716	8781.006737
1717	8777.381785
1718	8774.148844
1719	8767.653171
1720	8762.472771
1721	8757.71715
1722	8752.686309
1723	8748.584063
1724	8745.861806
1725	8740.955793
1726	8737.226857
1727	8731.958503
1728	8726.056642
1729	8721.109319
1730	8718.592065
1731	8715.88237
1732	8710.902699
1733	8705.459196
1734	8701.678956
1735	8697.346848
1736	8693.013986
1737	8687.797237
1738	8684.927626
1739	8679.444867
1740	8676.394533
1741	8671.442303
1742	8666.548408
1743	8660.660388
1744	8657.821904
1745	8654.36756
1746	8649.977119
1747	8644.521092
1748	8642.240674
1749	8639.478511
1750	8633.734346
1751	8628.864652
1752	8624.059262
1753	8621.185301
1754	8617.018776
1755	8614.615287
1756	8609.569471
1757	8607.221016
1758	8602.963944
1759	8596.947433
1760	8595.822871
1761	8589.501745
1762	8586.302609
1763	8580.659058
1764	8575.728953
1765	8571.483885
1766	8565.420105
1767	8561.390984
1768	8557.218911
1769	8552.029041
1770	8546.766114
1771	8541.966363
1772	8538.650691
1773	8534.046509
1774	8527.508434
1775	8522.328468
1776	8516.929377
1777	8513.252624
1778	8509.595597
1779	8504.777304
1780	8500.176653
1781	8495.027015
1782	8491.683043
1783	8487.369211
1784	8482.774295
1785	8479.032505
1786	8475.406923
1787	8471.064655
1788	8466.257378
1789	8462.827806
1790	8458.333616
1791	8453.618599
1792	8451.034242
1793	8446.313735
1794	8441.797803
1795	8437.909743
1796	8435.059606
1797	8429.630776
1798	8425.674627
1799	8422.002329
1800	8418.668243
1801	8413.930291
1802	8407.959628
1803	8402.211137
1804	8397.603581
1805	8392.697953
1806	8387.057589
1807	8382.268419
1808	8378.131814
1809	8373.118479
1810	8370.13303
1811	8364.6825
1812	8360.901419
1813	8358.110288
1814	8353.24509
1815	8350.082154
1816	8346.87109
1817	8340.590179
1818	8336.982446
1819	8331.897507
1820	8327.845238
1821	8324.815269
1822	8320.630118
1823	8313.981472
1824	8308.635964
1825	8303.459652
1826	8299.767086
1827	8295.916683
1828	8290.164761
1829	8287.823693
1830	8283.883295
1831	8278.316197
1832	8274.699008
1833	8271.14071
1834	8267.172035
1835	8262.122488
1836	8257.89976
1837	8256.923439
1838	8252.518688
1839	8250.280128
1840	8245.696048
1841	8240.645504
1842	8235.084935
1843	8231.580065
1844	8227.456367
1845	8223.972032
1846	8220.100885
1847	8215.944303
1848	8210.053805
1849	8205.898102
1850	8201.973368
1851	8198.851383
1852	8193.510612
1853	8189.843123
1854	8183.975285
1855	8179.426825
1856	8174.479667
1857	8170.311119
1858	8165.735441
1859	8160.817408
1860	8159.061147
1861	8156.400243
1862	8153.191062
1863	8149.747058
1864	8146.744093
1865	8143.864108
1866	8139.901977
1867	8136.112781
1868	8132.914918
1869	8128.121344
1870	8123.316319
1871	8117.938533
1872	8112.573291
1873	8107.225239
1874	8103.412585
1875	8098.929575
1876	8096.192653
1877	8092.488513
1878	8089.893906
1879	8085.399741
1880	8082.750877
1881	8080.15087
1882	8076.949014
1883	8072.327698
1884	8067.076695
1885	8065.044364
1886	8060.340465
1887	8055.365877
1888	8051.644889
1889	8045.892019
1890	8042.366191
1891	8038.53591
1892	8033.504076
1893	8031.437741
1894	8025.947488
1895	8021.658744
1896	8016.935371
1897	8011.545011
1898	8008.297047
1899	8005.056158
1900	8000.590761
1901	7995.347478
1902	7991.300959
1903	7987.801112
1904	7983.634013
1905	7979.066661
1906	7975.274097
1907	7970.665926
1908	7966.996164
1909	7963.511537
1910	7959.557115
1911	7955.767107
1912	7950.968906
1913	7947.035622
1914	7942.283367
1915	7939.071195
1916	7934.724635
1917	7931.661859
1918	7925.408047
1919	7920.940704
1920	7917.179599
1921	7913.213854
1922	7910.112545
1923	7907.002697
1924	7902.298634
1925	7898.936033
1926	7896.174403
1927	7891.749699
1928	7886.527073
1929	7883.358451
1930	7879.4284
1931	7877.097035
1932	7873.601842
1933	7869.132599
1934	7866.419003
1935	7862.435199
1936	7857.273319
1937	7856.139973
1938	7852.771458
1939	7848.317564
1940	7844.38056
1941	7840.526347
1942	7837.975331
1943	7833.014028
1944	7828.015905
1945	7825.234325
1946	7821.991389
1947	7818.758047
1948	7815.376782
1949	7810.734688
1950	7807.523594
1951	7803.358972
1952	7799.857612
1953	7794.506481
1954	7791.361636
1955	7787.647163
1956	7783.48891
1957	7780.222386
1958	7777.110725
1959	7772.525644
1960	7769.501698
1961	7766.501958
1962	7763.206761
1963	7759.202957
1964	7757.09869
1965	7752.809264
1966	7750.604671
1967	7746.37395
1968	7743.212565
1969	7739.53913
1970	7735.941564
1971	7729.026244
1972	7726.77183
1973	7722.730972
1974	7718.370029
1975	7715.458943
1976	7710.551839
1977	7708.101693
1978	7703.648856
1979	7701.113635
1980	7698.429296
1981	7695.388961
1982	7692.447597
1983	7689.279186
1984	7684.567857
1985	7680.307556
1986	7676.710881
1987	7672.370157
1988	7668.950044
1989	7664.328829
1990	7661.114397
1991	7657.388087
1992	7652.349472
1993	7648.330447
1994	7643.715848
1995	7639.874772
1996	7635.519512
1997	7631.828784
1998	7627.545004
1999	7623.376184
2000	7620.542656
2001	7616.307504
2002	7611.433667
2003	7609.210403
2004	7604.877022
2005	7600.576831
2006	7596.22512
2007	7592.550154
2008	7588.536807
2009	7584.298876
2010	7580.513332
2011	7573.589295
2012	7570.004517
2013	7564.279336
2014	7561.227046
2015	7557.754498
2016	7553.589191
2017	7550.013894
2018	7546.570886
2019	7543.366667
2020	7539.256796
2021	7535.858525
2022	7533.07282
2023	7531.16223
2024	7528.195689
2025	7524.1605
2026	7520.890265
2027	7517.450825
2028	7515.10532
2029	7511.225458
2030	7506.398696
2031	7503.717253
2032	7500.100244
2033	7496.414555
2034	7492.612602
2035	7489.30546
2036	7486.910549
2037	7482.507487
2038	7477.873506
2039	7473.591071
2040	7469.112301
2041	7466.037814
2042	7459.332113
2043	7455.333463
2044	7448.983568
2045	7447.078368
2046	7443.450381
2047	7440.509975
2048	7437.331725
2049	7433.87629
2050	7431.836173
2051	7428.433429
2052	7423.19279
2053	7419.610057
2054	7415.015241
2055	7411.496587
2056	7407.53048
2057	7403.583031
2058	7399.825431
2059	7396.834179
2060	7391.662974
2061	7389.149886
2062	7385.439893
2063	7381.346667
2064	7376.84083
2065	7372.740644
2066	7369.119074
2067	7365.67695
2068	7362.773593
2069	7358.46486
2070	7354.594527
2071	7349.560418
2072	7346.538252
2073	7342.229708
2074	7338.186392
2075	7333.950206
2076	7331.602128
2077	7328.721409
2078	7326.7085
2079	7323.787206
2080	7320.125858
2081	7315.669103
2082	7312.154001
2083	7308.153342
2084	7305.573503
2085	7302.978526
2086	7300.749693
2087	7297.458886
2088	7294.081341
2089	7291.025026
2090	7286.848306
2091	7282.873359
2092	7278.985291
2093	7276.937124
2094	7274.340355
2095	7270.432941
2096	7268.151793
2097	7264.580871
2098	7260.261422
2099	7256.420563
2100	7254.029644
2101	7250.598971
2102	7246.458054
2103	7242.810904
2104	7237.633979
2105	7235.246875
2106	7231.64003
2107	7230.306246
2108	7226.550884
2109	7222.558601
2110	7218.000549
2111	7213.518451
2112	7209.418254
2113	7205.029417
2114	7202.646015
2115	7198.163911
2116	7194.709777
2117	7191.317139
2118	7186.819961
2119	7182.788622
2120	7179.822348
2121	7174.928328
2122	7170.928012
2123	7166.523041
2124	7161.840791
2125	7159.05448
2126	7156.347643
2127	7151.511006
2128	7149.160244
2129	7144.554811
2130	7140.492529
2131	7135.665826
2132	7132.673715
2133	7129.438528
2134	7124.594428
2135	7121.501942
2136	7118.188887
2137	7114.197381
2138	7110.721375
2139	7107.916152
2140	7104.426538
2141	7100.966947
2142	7098.069122
2143	7095.465046
2144	7094.121817
2145	7089.892047
2146	7086.372774
2147	7084.206369
2148	7078.279627
2149	7073.812698
2150	7070.711056
2151	7066.104826
2152	7063.726339
2153	7060.105859
2154	7058.44046
2155	7054.494788
2156	7051.099307
2157	7046.952041
2158	7043.544254
2159	7041.562792
2160	7037.929657
2161	7035.500243
2162	7031.378451
2163	7028.197628
2164	7024.449561
2165	7021.518285
2166	7018.268243
2167	7015.67509
2168	7013.126835
2169	7012.277355
2170	7009.499716
2171	7006.107524
2172	7001.800341
2173	6997.387907
2174	6994.309063
2175	6991.088969
2176	6986.968224
2177	6984.320204
2178	6981.244258
2179	6978.762741
2180	6975.695196
2181	6972.156939
2182	6966.971378
2183	6964.847562
2184	6958.515652
2185	6954.451864
2186	6952.483962
2187	6949.337186
2188	6943.9391
2189	6941.978831
2190	6937.920182
2191	6933.60374
2192	6930.962649
2193	6927.600891
2194	6923.044795
2195	6919.944946
2196	6916.667747
2197	6913.797051
2198	6910.224878
2199	6905.210608
2200	6901.541129
2201	6897.962559
2202	6893.980979
2203	6891.411769
2204	6887.466216
2205	6882.73521
2206	6880.020345
2207	6876.320637
2208	6872.418713
2209	6870.147457
2210	6866.312965
2211	6863.307218
2212	6860.02676
2213	6856.180154
2214	6852.218899
2215	6850.073867
2216	6848.17473
2217	6845.513144
2218	6842.842799
2219	6842.33455
2220	6837.318873
2221	6833.67387
2222	6830.443024
2223	6827.79002
2224	6825.008032
2225	6822.330664
2226	6819.299716
2227	6815.939956
2228	6814.07917
2229	6813.64271
2230	6811.468523
2231	6806.167281
2232	6802.506165
2233	6798.204915
2234	6794.509174
2235	6790.913927
2236	6786.369404
2237	6780.878507
2238	6777.53572
2239	6775.527137
2240	6772.115542
2241	6769.211878
2242	6766.009205
2243	6762.57503
2244	6759.366504
2245	6755.866717
2246	6751.810677
2247	6750.518473
2248	6747.310688
2249	6743.887791
2250	6741.912193
2251	6738.715102
2252	6735.649146
2253	6732.148147
2254	6729.449419
2255	6726.935016
2256	6724.210164
2257	6719.992774
2258	6715.984582
2259	6714.104289
2260	6709.873128
2261	6706.64866
2262	6705.090807
2263	6702.473485
2264	6700.290236
2265	6697.592551
2266	6694.511646
2267	6691.167797
2268	6687.833932
2269	6684.709261
2270	6681.038444
2271	6678.238029
2272	6674.591261
2273	6671.404252
2274	6668.313649
2275	6664.406357
2276	6662.17238
2277	6658.710212
2278	6655.383475
2279	6650.93406
2280	6646.814288
2281	6642.725444
2282	6639.108969
2283	6636.201423
2284	6633.250767
2285	6630.548484
2286	6627.224389
2287	6625.07877
2288	6621.681019
2289	6619.349365
2290	6616.340866
2291	6614.188065
2292	6611.608634
2293	6608.187333
2294	6605.850967
2295	6602.794473
2296	6600.295798
2297	6596.482262
2298	6593.461706
2299	6590.98383
2300	6588.174885
2301	6585.89066
2302	6582.859927
2303	6578.980908
2304	6576.602456
2305	6573.10255
2306	6568.654406
2307	6566.544803
2308	6564.501929
2309	6561.993768
2310	6558.268251
2311	6555.212923
2312	6553.063361
2313	6550.215793
2314	6547.257854
2315	6543.808753
2316	6540.350339
2317	6535.123674
2318	6530.397557
2319	6527.854215
2320	6524.469125
2321	6520.28629
2322	6517.462291
2323	6516.121602
2324	6511.755524
2325	6509.503467
2326	6505.239413
2327	6501.177088
2328	6498.961198
2329	6494.399073
2330	6490.934402
2331	6487.259037
2332	6484.841246
2333	6481.14459
2334	6478.803865
2335	6475.384548
2336	6472.681752
2337	6469.451897
2338	6466.473113
2339	6463.775786
2340	6459.875106
2341	6457.743119
2342	6453.899791
2343	6451.224664
2344	6446.499255
2345	6444.669071
2346	6442.045202
2347	6439.688594
2348	6437.806097
2349	6434.157583
2350	6431.551652
2351	6428.153876
2352	6422.994258
2353	6419.705274
2354	6415.824479
2355	6412.9851
2356	6409.440836
2357	6406.536993
2358	6404.230624
2359	6399.939324
2360	6395.259981
2361	6392.749972
2362	6387.994008
2363	6385.226304
2364	6382.104469
2365	6378.192443
2366	6376.101965
2367	6372.249944
2368	6370.710668
2369	6367.87209
2370	6365.185075
2371	6361.811522
2372	6358.527965
2373	6354.060187
2374	6350.755888
2375	6347.891855
2376	6345.422272
2377	6342.911229
2378	6340.827616
2379	6337.399917
2380	6334.139706
2381	6330.784275
2382	6328.088079
2383	6325.387667
2384	6321.567688
2385	6318.671472
2386	6316.458805
2387	6311.573507
2388	6308.507876
2389	6305.019788
2390	6302.911235
2391	6300.19459
2392	6297.794607
2393	6294.820628
2394	6291.67231
2395	6287.857851
2396	6285.142507
2397	6281.932444
2398	6279.086207
2399	6276.618725
2400	6273.285041
2401	6272.047117
2402	6269.941085
2403	6266.797941
2404	6264.490704
2405	6261.178754
2406	6259.14685
2407	6256.74953
2408	6253.781042
2409	6250.944319
2410	6248.481685
2411	6246.045122
2412	6242.139606
2413	6239.337134
2414	6235.385769
2415	6233.013319
2416	6228.186257
2417	6225.00937
2418	6223.190931
2419	6220.36814
2420	6218.492446
2421	6215.667211
2422	6214.168917
2423	6210.540369
2424	6208.117483
2425	6205.156758
2426	6202.254447
2427	6199.906798
2428	6197.458957
2429	6195.15267
2430	6191.645013
2431	6190.836878
2432	6189.023119
2433	6187.269377
2434	6185.027438
2435	6181.476693
2436	6178.720619
2437	6176.685273
2438	6174.678573
2439	6172.880452
2440	6168.564645
2441	6166.326403
2442	6163.238968
2443	6160.277206
2444	6156.058023
2445	6152.734641
2446	6151.11958
2447	6148.520895
2448	6144.913997
2449	6142.599356
2450	6140.846338
2451	6138.110913
2452	6136.47508
2453	6133.918671
2454	6131.527494
2455	6128.646644
2456	6124.953787
2457	6122.969665
2458	6120.567704
2459	6119.347418
2460	6117.537617
2461	6115.338647
2462	6113.210809
2463	6112.177537
2464	6109.324888
2465	6104.610266
2466	6101.504112
2467	6098.577861
2468	6096.762783
2469	6093.866441
2470	6091.347631
2471	6087.059424
2472	6083.091355
2473	6081.110205
2474	6078.457393
2475	6075.680552
2476	6073.770457
2477	6071.791573
2478	6067.596356
2479	6065.168638
2480	6061.592061
2481	6058.870065
2482	6057.31203
2483	6055.286359
2484	6053.750085
2485	6051.729528
2486	6048.72652
2487	6043.509156
2488	6040.121571
2489	6037.558879
2490	6034.36929
2491	6030.244501
2492	6027.777837
2493	6024.630282
2494	6021.566011
2495	6018.474356
2496	6016.381101
2497	6012.818487
2498	6010.533814
2499	6006.914157
2500	6004.741622
2501	6002.153644
2502	5998.941557
2503	5994.839267
2504	5992.58036
2505	5989.902158
2506	5987.031471
2507	5982.7528
2508	5980.275668
2509	5977.641706
2510	5974.403318
2511	5971.354487
2512	5968.794983
2513	5965.837159
2514	5962.602905
2515	5958.602384
2516	5955.891067
2517	5953.385979
2518	5949.558869
2519	5946.874669
2520	5945.045199
2521	5941.243281
2522	5936.741729
2523	5934.886567
2524	5932.359623
2525	5930.574348
2526	5927.65918
2527	5925.337277
2528	5922.674871
2529	5920.015446
2530	5917.362503
2531	5914.924095
2532	5912.257026
2533	5910.723048
2534	5907.563272
2535	5904.8681
2536	5901.95387
2537	5898.417175
2538	5895.599134
2539	5892.796261
2540	5890.80869
2541	5888.361148
2542	5884.827632
2543	5880.90121
2544	5878.945863
2545	5876.65285
2546	5873.843792
2547	5870.197196
2548	5868.764609
2549	5865.94327
2550	5861.816774
2551	5859.183093
2552	5855.909403
2553	5851.848068
2554	5849.390751
2555	5847.13118
2556	5844.164711
2557	5841.870983
2558	5839.704322
2559	5836.330871
2560	5834.021788
2561	5832.227823
2562	5828.172419
2563	5826.274906
2564	5822.327316
2565	5820.199498
2566	5818.353338
2567	5815.280393
2568	5812.451823
2569	5809.979532
2570	5807.914992
2571	5806.188979
2572	5803.682689
2573	5800.096919
2574	5796.953773
2575	5793.137883
2576	5788.800844
2577	5785.41708
2578	5783.281963
2579	5780.984486
2580	5778.515216
2581	5776.275643
2582	5773.246629
2583	5770.652526
2584	5766.694579
2585	5762.475204
2586	5760.99891
2587	5758.372553
2588	5756.811365
2589	5754.250804
2590	5751.521085
2591	5749.024584
2592	5746.320947
2593	5745.011168
2594	5742.513295
2595	5739.696577
2596	5738.252732
2597	5735.522337
2598	5733.754259
2599	5731.693678
2600	5729.264168
2601	5728.413107
2602	5725.775024
2603	5723.262898
2604	5722.639438
2605	5720.489209
2606	5717.619859
2607	5714.110692
2608	5711.903765
2609	5709.209897
2610	5706.823563
2611	5703.942853
2612	5701.503006
2613	5699.114179
2614	5697.248186
2615	5695.58972
2616	5692.711645
2617	5690.919892
2618	5688.417347
2619	5687.153023
2620	5684.800194
2621	5682.195104
2622	5678.964411
2623	5677.760477
2624	5676.768673
2625	5674.854252
2626	5671.849919
2627	5669.066647
2628	5667.525071
2629	5666.102857
2630	5663.125593
2631	5658.932623
2632	5657.340234
2633	5654.316719
2634	5652.336637
2635	5649.502393
2636	5647.036805
2637	5645.345203
2638	5643.771445
2639	5640.984944
2640	5638.727993
2641	5636.317342
2642	5633.205919
2643	5631.471114
2644	5628.616141
2645	5625.068148
2646	5621.614063
2647	5618.677462
2648	5616.02122
2649	5613.42074
2650	5609.976886
2651	5607.866878
2652	5605.182083
2653	5601.689608
2654	5599.494817
2655	5597.193625
2656	5594.607673
2657	5591.319539
2658	5588.570892
2659	5586.652799
2660	5585.031502
2661	5582.260013
2662	5581.361101
2663	5578.648942
2664	5577.196874
2665	5574.792163
2666	5571.514976
2667	5567.908721
2668	5565.813153
2669	5563.191426
2670	5561.201403
2671	5559.419474
2672	5557.334377
2673	5554.784002
2674	5552.898947
2675	5549.797932
2676	5547.04196
2677	5542.117463
2678	5538.888626
2679	5536.658871
2680	5534.422618
2681	5531.627392
2682	5528.023577
2683	5525.614001
2684	5522.863065
2685	5519.896486
2686	5517.192858
2687	5514.847344
2688	5512.570231
2689	5509.318861
2690	5506.438827
2691	5503.386942
2692	5500.864781
2693	5498.476327
2694	5496.376193
2695	5494.963094
2696	5491.74706
2697	5489.340165
2698	5487.354219
2699	5484.943963
2700	5482.935587
2701	5480.952605
2702	5479.962824
2703	5477.409934
2704	5473.036365
2705	5470.836068
2706	5468.518425
2707	5465.403193
2708	5463.11192
2709	5460.911675
2710	5458.460205
2711	5455.788931
2712	5452.944076
2713	5451.341397
2714	5448.774198
2715	5444.848357
2716	5442.841152
2717	5440.611386
2718	5438.862315
2719	5435.464213
2720	5433.012044
2721	5430.600286
2722	5430.357696
2723	5427.891058
2724	5425.411344
2725	5422.273562
2726	5420.09324
2727	5418.498448
2728	5416.040566
2729	5413.874838
2730	5411.983466
2731	5409.511286
2732	5407.084665
2733	5403.93064
2734	5400.745257
2735	5397.732248
2736	5395.562373
2737	5394.004264
2738	5392.066323
2739	5390.478611
2740	5388.351426
2741	5385.13051
2742	5382.442197
2743	5379.444621
2744	5377.28364
2745	5375.089464
2746	5373.286056
2747	5370.197461
2748	5368.661482
2749	5365.229765
2750	5362.436372
2751	5359.565532
2752	5356.758003
2753	5355.671052
2754	5352.315904
2755	5350.84116
2756	5349.277881
2757	5347.501812
2758	5345.055604
2759	5343.003137
2760	5340.505368
2761	5338.136897
2762	5334.294271
2763	5331.389666
2764	5329.470455
2765	5326.774032
2766	5324.730478
2767	5323.475915
2768	5322.0043
2769	5320.060572
2770	5317.754288
2771	5316.962383
2772	5315.395449
2773	5312.049819
2774	5309.729232
2775	5307.336705
2776	5304.328659
2777	5302.738268
2778	5301.114282
2779	5297.978723
2780	5295.55824
2781	5293.962281
2782	5291.704037
2783	5288.571706
2784	5286.936329
2785	5284.86656
2786	5282.410401
2787	5280.760464
2788	5277.998436
2789	5276.060155
2790	5273.459462
2791	5271.37424
2792	5269.679512
2793	5265.294903
2794	5262.724609
2795	5259.538027
2796	5256.549931
2797	5254.660562
2798	5251.561781
2799	5249.369056
2800	5247.583403
2801	5244.441831
2802	5242.622145
2803	5240.25623
2804	5237.264966
2805	5235.389045
2806	5232.930791
2807	5230.436273
2808	5228.66875
2809	5226.843658
2810	5225.364195
2811	5222.906711
2812	5219.485474
2813	5215.570318
2814	5214.099718
2815	5212.351894
2816	5210.643221
2817	5209.123747
2818	5206.885688
2819	5203.968679
2820	5201.630934
2821	5199.422072
2822	5196.698536
2823	5193.614064
2824	5191.880231
2825	5189.692249
2826	5186.706145
2827	5184.340084
2828	5181.793297
2829	5179.487477
2830	5177.23601
2831	5174.958361
2832	5173.152642
2833	5171.383373
2834	5169.106467
2835	5167.292828
2836	5163.922575
2837	5161.28851
2838	5159.080221
2839	5157.249986
2840	5154.54873
2841	5151.938872
2842	5151.194506
2843	5149.053397
2844	5148.248037
2845	5145.715142
2846	5143.622678
2847	5140.683259
2848	5138.380036
2849	5136.066397
2850	5133.802597
2851	5131.332859
2852	5129.523709
2853	5127.709493
2854	5124.908414
2855	5122.888598
2856	5121.113795
2857	5119.789819
2858	5117.858741
2859	5117.125907
2860	5115.823451
2861	5113.498211
2862	5110.124875
2863	5108.217486
2864	5106.307741
2865	5102.420014
2866	5100.82208
2867	5098.484593
2868	5096.079869
2869	5093.795286
2870	5090.997215
2871	5089.001221
2872	5087.587477
2873	5085.060131
2874	5083.211802
2875	5081.58411
2876	5078.607683
2877	5077.161703
2878	5074.400905
2879	5072.017046
2880	5069.824634
2881	5066.723193
2882	5064.02896
2883	5062.394816
2884	5059.47346
2885	5057.41048
2886	5055.689543
2887	5053.261784
2888	5051.398784
2889	5050.056251
2890	5047.303239
2891	5044.905543
2892	5042.561749
2893	5040.578766
2894	5037.753467
2895	5036.504971
2896	5033.757493
2897	5032.686022
2898	5030.581868
2899	5029.095506
2900	5026.629745
2901	5024.52426
2902	5021.848154
2903	5020.267145
2904	5017.975318
2905	5014.939625
2906	5013.165767
2907	5010.977048
2908	5008.102372
2909	5004.753616
2910	5001.612294
2911	4999.742896
2912	4996.955144
2913	4995.408319
2914	4993.206649
2915	4991.281066
2916	4989.782127
2917	4987.840689
2918	4986.780956
2919	4984.300223
2920	4982.796608
2921	4980.720408
2922	4978.789345
2923	4976.582617
2924	4975.33363
2925	4972.838517
2926	4971.493012
2927	4970.722613
2928	4969.680409
2929	4967.952894
2930	4964.898448
2931	4962.842053
2932	4960.15624
2933	4958.45848
2934	4955.99894
2935	4952.966124
2936	4952.254861
2937	4949.961894
2938	4946.936074
2939	4945.598249
2940	4943.317692
2941	4940.959413
2942	4938.950032
2943	4938.438616
2944	4936.143404
2945	4932.585725
2946	4929.224981
2947	4927.945001
2948	4925.379191
2949	4923.86182
2950	4921.382519
2951	4919.038177
2952	4916.457716
2953	4915.094371
2954	4912.551584
2955	4910.062798
2956	4908.197902
2957	4905.857009
2958	4903.848207
2959	4901.095536
2960	4899.012492
2961	4896.170992
2962	4893.602766
2963	4892.491075
2964	4889.919845
2965	4887.372451
2966	4884.68254
2967	4882.066819
2968	4879.683766
2969	4877.677696
2970	4875.255118
2971	4872.802962
2972	4870.404537
2973	4868.362773
2974	4866.321886
2975	4864.117891
2976	4861.420443
2977	4858.885977
2978	4855.976885
2979	4853.833924
2980	4852.811087
2981	4852.061907
2982	4850.034005
2983	4848.499751
2984	4848.340212
2985	4846.302922
2986	4845.380698
2987	4843.083135
2988	4840.807752
2989	4839.061792
2990	4837.657703
2991	4834.970432
2992	4833.135032
2993	4830.764011
2994	4829.519306
2995	4827.493206
2996	4825.794643
2997	4822.683949
2998	4820.868761
2999	4819.183994
3000	4816.115772
3001	4814.555466
3002	4813.426527
3003	4811.674274
3004	4809.236481
3005	4807.053706
3006	4806.00672
3007	4804.230048
3008	4802.835635
3009	4802.630834
3010	4799.300175
3011	4797.36565
3012	4795.194235
3013	4793.572132
3014	4791.788244
3015	4790.489961
3016	4788.230874
3017	4786.297562
3018	4783.706186
3019	4782.26557
3020	4780.300302
3021	4777.702119
3022	4775.603701
3023	4773.035181
3024	4771.30457
3025	4769.288179
3026	4767.468801
3027	4764.955631
3028	4762.628338
3029	4760.383541
3030	4759.03995
3031	4756.730569
3032	4755.419638
3033	4753.761957
3034	4750.272206
3035	4747.493564
3036	4745.818942
3037	4743.973794
3038	4742.336504
3039	4739.585334
3040	4738.026923
3041	4736.361358
3042	4734.093597
3043	4731.761468
3044	4729.729503
3045	4726.574541
3046	4724.066719
3047	4721.68305
3048	4719.597628
3049	4717.997133
3050	4715.923706
3051	4714.427626
3052	4712.849649
3053	4710.083395
3054	4708.440426
3055	4705.974382
3056	4703.796229
3057	4701.595811
3058	4700.333516
3059	4698.933519
3060	4697.843173
3061	4694.93394
3062	4691.957129
3063	4690.618925
3064	4689.711143
3065	4688.139812
3066	4685.350633
3067	4683.194358
3068	4680.600548
3069	4679.113553
3070	4676.384668
3071	4674.582709
3072	4672.405774
3073	4669.849253
3074	4668.713074
3075	4666.129488
3076	4664.989099
3077	4662.147346
3078	4659.820716
3079	4659.611694
3080	4656.90914
3081	4655.738368
3082	4654.852111
3083	4653.031139
3084	4651.408186
3085	4649.581907
3086	4647.698395
3087	4646.058898
3088	4644.040081
3089	4641.970525
3090	4638.61124
3091	4636.049549
3092	4633.804456
3093	4631.967993
3094	4630.449969
3095	4628.253774
3096	4626.700897
3097	4624.306437
3098	4621.880143
3099	4620.373308
3100	4618.202814
3101	4615.166984
3102	4612.997557
3103	4610.307064
3104	4608.31755
3105	4607.002199
3106	4604.074974
3107	4601.25362
3108	4599.365221
3109	4598.663906
3110	4597.362418
3111	4595.556827
3112	4593.467255
3113	4591.704044
3114	4589.920116
3115	4588.495888
3116	4585.720369
3117	4583.802353
3118	4583.412773
3119	4582.022211
3120	4579.250954
3121	4576.400245
3122	4574.875002
3123	4573.253653
3124	4571.339809
3125	4569.812452
3126	4567.813167
3127	4565.372744
3128	4563.530138
3129	4561.564121
3130	4559.606792
3131	4557.494871
3132	4556.293907
3133	4554.662399
3134	4553.140037
3135	4551.908773
3136	4549.538797
3137	4547.638392
3138	4546.112412
3139	4544.496422
3140	4544.282664
3141	4542.258871
3142	4540.448583
3143	4538.286259
3144	4535.932694
3145	4534.183568
3146	4533.350754
3147	4531.168847
3148	4529.144784
3149	4526.806504
3150	4524.607091
3151	4523.228981
3152	4521.187484
3153	4520.854348
3154	4518.720397
3155	4515.442087
3156	4513.367861
3157	4511.271069
3158	4508.524682
3159	4506.410622
3160	4506.060982
3161	4504.743756
3162	4502.201281
3163	4500.645113
3164	4498.802252
3165	4497.421994
3166	4495.729218
3167	4494.003403
3168	4492.587353
3169	4489.985119
3170	4488.008091
3171	4486.178203
3172	4484.504321
3173	4481.37232
3174	4479.460418
3175	4476.89318
3176	4475.504708
3177	4474.256608
3178	4473.467325
3179	4471.948625
3180	4470.409766
3181	4468.306308
3182	4467.160907
3183	4464.78866
3184	4463.586372
3185	4462.230303
3186	4460.060091
3187	4457.96574
3188	4456.838444
3189	4455.866157
3190	4453.524825
3191	4452.296722
3192	4449.49911
3193	4447.704738
3194	4446.694652
3195	4445.174069
3196	4443.808197
3197	4441.979165
3198	4440.168666
3199	4437.773418
3200	4436.227878
3201	4435.853854
3202	4433.381462
3203	4432.136513
3204	4431.229207
3205	4429.688338
3206	4428.091376
3207	4426.57454
3208	4423.084553
3209	4420.588678
3210	4418.422681
3211	4417.061543
3212	4415.323533
3213	4412.404943
3214	4409.986694
3215	4408.513814
3216	4406.936799
3217	4405.095472
3218	4402.994427
3219	4400.667954
3220	4399.247308
3221	4397.743146
3222	4396.697888
3223	4396.439578
3224	4394.023942
3225	4392.794076
3226	4390.39478
3227	4388.315762
3228	4388.152262
3229	4386.917839
3230	4384.217766
3231	4383.341808
3232	4381.582745
3233	4380.043104
3234	4378.788609
3235	4376.92048
3236	4376.436468
3237	4374.350099
3238	4371.728537
3239	4369.312179
3240	4367.781097
3241	4365.443309
3242	4363.881216
3243	4362.239946
3244	4360.263668
3245	4358.632919
3246	4356.391091
3247	4353.121814
3248	4351.443347
3249	4349.158625
3250	4346.592816
3251	4345.112688
3252	4342.725106
3253	4340.466456
3254	4338.931294
3255	4336.662045
3256	4333.351869
3257	4331.260411
3258	4329.82426
3259	4328.045728
3260	4326.431408
3261	4325.300356
3262	4323.572956
3263	4322.459015
3264	4320.638043
3265	4319.72665
3266	4318.176278
3267	4316.77076
3268	4314.568932
3269	4314.287987
3270	4314.092316
3271	4312.449532
3272	4311.327911
3273	4310.072511
3274	4308.584022
3275	4306.990083
3276	4305.123668
3277	4304.730416
3278	4302.989473
3279	4301.566256
3280	4300.46304
3281	4298.254637
3282	4296.740202
3283	4294.244057
3284	4293.505142
3285	4292.275059
3286	4290.87691
3287	4288.494587
3288	4286.871619
3289	4284.764559
3290	4283.09573
3291	4280.941321
3292	4279.185158
3293	4277.090749
3294	4275.656868
3295	4274.323051
3296	4272.728377
3297	4270.954291
3298	4269.543499
3299	4267.736711
3300	4266.078474
3301	4263.5412
3302	4261.51767
3303	4261.296058
3304	4259.002703
3305	4257.410507
3306	4255.145625
3307	4253.62918
3308	4252.286239
3309	4250.79659
3310	4249.587484
3311	4247.264874
3312	4245.943044
3313	4245.796011
3314	4244.55389
3315	4242.214815
3316	4240.766234
3317	4238.525185
3318	4236.327794
3319	4235.28868
3320	4233.525237
3321	4232.130294
3322	4230.318494
3323	4227.536858
3324	4225.883948
3325	4223.358508
3326	4221.731509
3327	4220.955225
3328	4219.493274
3329	4218.335894
3330	4216.724325
3331	4215.069238
3332	4214.383261
3333	4213.044018
3334	4212.629177
3335	4212.424299
3336	4211.345472
3337	4209.049716
3338	4207.873757
3339	4205.838027
3340	4204.28581
3341	4202.793392
3342	4201.588537
3343	4199.72986
3344	4198.168002
3345	4197.067985
3346	4195.432757
3347	4194.293721
3348	4191.88718
3349	4189.648232
3350	4188.366944
3351	4186.341292
3352	4184.090973
3353	4182.379913
3354	4180.986125
3355	4179.876109
3356	4177.499319
3357	4175.897558
3358	4174.713251
3359	4172.958454
3360	4171.647698
3361	4170.185291
3362	4168.348913
3363	4165.12087
3364	4164.59993
3365	4162.929206
3366	4161.003151
3367	4159.912961
3368	4157.753784
3369	4155.805074
3370	4153.637574
3371	4153.435596
3372	4151.573055
3373	4149.322035
3374	4148.009511
3375	4146.502671
3376	4144.633238
3377	4143.597927
3378	4141.941697
3379	4140.838821
3380	4139.563312
3381	4137.797087
3382	4136.308007
3383	4134.354624
3384	4132.102024
3385	4129.934806
3386	4128.226281
3387	4125.440853
3388	4123.744262
3389	4122.123166
3390	4119.434298
3391	4119.106868
3392	4117.820734
3393	4115.154592
3394	4114.081999
3395	4113.533319
3396	4111.81656
3397	4109.930964
3398	4108.538195
3399	4107.529787
3400	4106.095148
3401	4104.25028
3402	4102.861952
3403	4101.553754
3404	4099.694718
3405	4097.494892
3406	4095.366813
3407	4093.517546
3408	4092.128713
3409	4090.186794
3410	4088.561273
3411	4086.486692
3412	4084.512421
3413	4082.977826
3414	4080.815783
3415	4080.685118
3416	4078.973244
3417	4077.404746
3418	4075.310434
3419	4073.662086
3420	4072.027885
3421	4070.2824
3422	4068.705574
3423	4066.012299
3424	4064.328963
3425	4062.655843
3426	4061.339367
3427	4059.973903
3428	4058.259219
3429	4055.795846
3430	4054.452855
3431	4052.999708
3432	4051.211759
3433	4048.883302
3434	4047.042726
3435	4044.552615
3436	4043.82101
3437	4042.468902
3438	4040.916321
3439	4037.995154
3440	4035.922046
3441	4033.785244
3442	4032.013857
3443	4028.782138
3444	4027.462474
3445	4025.749656
3446	4024.324299
3447	4022.553891
3448	4021.101
3449	4019.184474
3450	4018.275643
3451	4016.987335
3452	4015.717107
3453	4013.700485
3454	4012.36577
3455	4010.764785
3456	4009.007109
3457	4006.655317
3458	4005.155675
3459	4003.941942
3460	4002.585563
3461	4000.723813
3462	3998.09227
3463	3994.779319
3464	3993.297723
3465	3991.399844
3466	3989.221178
3467	3987.212128
3468	3985.373496
3469	3985.038563
3470	3983.677623
3471	3982.133303
3472	3980.257966
3473	3978.050609
3474	3976.961504
3475	3975.792985
3476	3975.625594
3477	3973.679233
3478	3972.467304
3479	3970.502496
3480	3969.323619
3481	3966.867417
3482	3965.494446
3483	3963.129502
3484	3960.936268
3485	3959.935629
3486	3957.338634
3487	3955.632395
3488	3953.960943
3489	3953.007081
3490	3951.707366
3491	3949.003622
3492	3947.075787
3493	3945.614938
3494	3943.937912
3495	3942.388761
3496	3940.361252
3497	3940.205758
3498	3938.322265
3499	3936.474176
3500	3934.909381
3501	3933.288565
3502	3931.503281
3503	3929.697553
3504	3927.197004
3505	3925.451414
3506	3923.903299
3507	3921.916884
3508	3919.800298
3509	3918.190222
3510	3916.126887
3511	3914.664558
3512	3913.741801
3513	3911.853818
3514	3910.709909
3515	3908.904722
3516	3907.269462
3517	3906.10623
3518	3904.498035
3519	3903.165362
3520	3901.556428
3521	3900.28852
3522	3899.093112
3523	3897.634094
3524	3896.166436
3525	3894.710874
3526	3892.30443
3527	3890.754906
3528	3889.336206
3529	3887.27355
3530	3884.884783
3531	3882.629537
3532	3880.693359
3533	3879.477798
3534	3877.907243
3535	3876.174849
3536	3874.446528
3537	3872.539374
3538	3872.253654
3539	3871.002574
3540	3869.845291
3541	3867.981957
3542	3866.636825
3543	3865.326558
3544	3863.840112
3545	3861.941219
3546	3861.779761
3547	3860.474284
3548	3858.92976
3549	3858.134776
3550	3856.623174
3551	3853.851426
3552	3852.728577
3553	3852.45714
3554	3851.307368
3555	3849.885822
3556	3848.803725
3557	3847.486698
3558	3845.784662
3559	3843.312872
3560	3841.996376
3561	3839.735863
3562	3837.542465
3563	3836.790932
3564	3835.32323
3565	3833.793228
3566	3831.429541
3567	3828.700092
3568	3826.725644
3569	3824.604515
3570	3823.11144
3571	3821.913233
3572	3820.214642
3573	3818.126111
3574	3816.752392
3575	3815.822822
3576	3813.914214
3577	3812.947169
3578	3810.838205
3579	3809.277317
3580	3807.933849
3581	3806.800352
3582	3806.46331
3583	3805.271068
3584	3804.042809
3585	3802.614438
3586	3800.74287
3587	3798.340014
3588	3796.546184
3589	3794.81872
3590	3793.242999
3591	3791.617571
3592	3789.919629
3593	3788.701224
3594	3787.266525
3595	3787.160544
3596	3786.501909
3597	3785.66738
3598	3783.705533
3599	3782.674944
3600	3781.139194
3601	3779.826477
3602	3778.114027
3603	3776.575736
3604	3775.205268
3605	3773.850529
3606	3771.933504
3607	3770.547524
3608	3768.730624
3609	3767.378537
3610	3767.23965
3611	3766.944381
3612	3765.9856
3613	3764.541536
3614	3763.124743
3615	3762.593386
3616	3760.942906
3617	3759.74373
3618	3757.818985
3619	3756.74659
3620	3756.497107
3621	3754.360885
3622	3753.051699
3623	3749.827188
3624	3747.121212
3625	3745.050241
3626	3743.594672
3627	3742.118671
3628	3740.517539
3629	3738.78182
3630	3737.128923
3631	3736.095747
3632	3733.040017
3633	3732.820165
3634	3730.421086
3635	3728.211948
3636	3728.089075
3637	3726.897361
3638	3725.795725
3639	3724.095619
3640	3722.668495
3641	3721.503642
3642	3720.288985
3643	3720.17602
3644	3718.738606
3645	3716.370071
3646	3714.282575
3647	3713.265666
3648	3711.614918
3649	3710.685263
3650	3709.818064
3651	3708.521146
3652	3707.118015
3653	3705.31988
3654	3703.688687
3655	3702.378917
3656	3700.866107
3657	3699.790645
3658	3698.566416
3659	3697.720817
3660	3696.612395
3661	3696.38072
3662	3695.335198
3663	3693.929933
3664	3693.094039
3665	3691.180349
3666	3688.578824
3667	3686.983047
3668	3685.584879
3669	3684.562418
3670	3682.308636
3671	3681.309138
3672	3681.188706
3673	3679.225891
3674	3677.789559
3675	3677.393532
3676	3675.793632
3677	3674.47238
3678	3674.34484
3679	3672.686018
3680	3671.273803
3681	3669.583252
3682	3668.32991
3683	3666.81027
3684	3666.546715
3685	3664.869386
3686	3662.843526
3687	3661.041221
3688	3660.163754
3689	3657.79185
3690	3656.363041
3691	3656.108723
3692	3655.077686
3693	3652.758369
3694	3650.728729
3695	3649.066141
3696	3647.890246
3697	3645.885211
3698	3644.883988
3699	3643.905247
3700	3642.940497
3701	3640.922025
3702	3640.093638
3703	3638.888841
3704	3637.693803
3705	3636.990354
3706	3635.997844
3707	3634.638861
3708	3633.138666
3709	3631.538069
3710	3631.286654
3711	3629.264176
3712	3629.163114
3713	3627.907782
3714	3626.778201
3715	3625.501172
3716	3623.337165
3717	3622.288488
3718	3620.803653
3719	3619.115195
3720	3617.859342
3721	3615.927901
3722	3613.955261
3723	3612.310166
3724	3611.262285
3725	3609.62226
3726	3607.970832
3727	3607.341497
3728	3606.19425
3729	3604.81257
3730	3602.314084
3731	3601.029341
3732	3599.802226
3733	3598.658728
3734	3597.306513
3735	3596.268481
3736	3595.012237
3737	3593.660252
3738	3592.705333
3739	3591.766588
3740	3591.111235
3741	3591.032024
3742	3589.598326
3743	3588.361356
3744	3587.026685
3745	3585.378824
3746	3584.49904
3747	3583.045169
3748	3582.370903
3749	3580.505497
3750	3579.348065
3751	3578.182344
3752	3576.850088
3753	3575.005131
3754	3573.730617
3755	3572.549232
3756	3571.550661
3757	3569.417484
3758	3568.217684
3759	3567.699742
3760	3566.063283
3761	3564.973077
3762	3563.776532
3763	3562.523638
3764	3560.926557
3765	3559.809504
3766	3559.613502
3767	3558.108244
3768	3555.758972
3769	3554.244798
3770	3553.1813
3771	3551.651636
3772	3549.812401
3773	3549.364969
3774	3549.288693
3775	3548.007287
3776	3546.861811
3777	3545.508341
3778	3544.00691
3779	3543.065545
3780	3542.37243
3781	3541.521641
3782	3540.232627
3783	3537.848267
3784	3536.103822
3785	3534.996412
3786	3532.844284
3787	3531.882838
3788	3529.669808
3789	3528.493245
3790	3527.041389
3791	3525.833017
3792	3524.537391
3793	3524.455095
3794	3523.266011
3795	3521.674792
3796	3520.57891
3797	3519.18552
3798	3518.366449
3799	3517.457238
3800	3515.834358
3801	3515.094791
3802	3513.570065
3803	3511.626505
3804	3510.360752
3805	3510.049931
3806	3508.25512
3807	3507.249017
3808	3506.13018
3809	3504.478995
3810	3503.465699
3811	3502.481382
3812	3501.187597
3813	3500.124267
3814	3498.933727
3815	3497.730949
3816	3496.468924
3817	3494.216569
3818	3493.211126
3819	3491.898616
3820	3490.881408
3821	3489.704032
3822	3488.565943
3823	3487.287508
3824	3485.987917
3825	3484.690881
3826	3482.798562
3827	3481.636852
3828	3480.756023
3829	3479.529087
3830	3478.229307
3831	3478.147464
3832	3475.90619
3833	3474.564437
3834	3473.910485
3835	3473.064991
3836	3472.077694
3837	3470.91349
3838	3468.653453
3839	3467.245067
3840	3465.349997
3841	3463.396304
3842	3463.256965
3843	3461.749916
3844	3460.75991
3845	3459.422723
3846	3458.282823
3847	3456.985171
3848	3455.695689
3849	3454.040891
3850	3453.584407
3851	3453.011214
3852	3451.910556
3853	3450.848198
3854	3449.814809
3855	3448.126267
3856	3446.791028
3857	3445.544191
3858	3444.609028
3859	3443.23542
3860	3442.286899
3861	3441.260978
3862	3440.357306
3863	3439.816629
3864	3438.778794
3865	3437.671001
3866	3436.302563
3867	3434.459927
3868	3434.371005
3869	3433.940211
3870	3432.471009
3871	3431.189301
3872	3429.522801
3873	3428.43506
3874	3426.993032
3875	3425.635336
3876	3424.32041
3877	3424.266645
3878	3422.625594
3879	3421.676389
3880	3420.548843
3881	3419.531357
3882	3418.466817
3883	3417.232426
3884	3416.354335
3885	3414.907545
3886	3412.697109
3887	3411.28144
3888	3408.772388
3889	3407.072761
3890	3406.994976
3891	3405.956626
3892	3404.539409
3893	3402.89992
3894	3402.824536
3895	3401.466107
3896	3399.741592
3897	3398.624499
3898	3397.950546
3899	3397.165517
3900	3395.089849
3901	3392.81931
3902	3391.470565
3903	3390.758036
3904	3389.675898
3905	3387.908466
3906	3385.522945
3907	3384.018662
3908	3382.43053
3909	3380.712756
3910	3379.560072
3911	3378.968884
3912	3377.428047
3913	3375.88003
3914	3374.232665
3915	3372.827155
3916	3371.642388
3917	3369.244983
3918	3367.882558
3919	3366.472866
3920	3365.404311
3921	3363.475723
3922	3361.843383
3923	3360.349712
3924	3359.181817
3925	3357.57649
3926	3356.632882
3927	3355.273571
3928	3353.924005
3929	3351.75199
3930	3350.812473
3931	3349.695265
3932	3347.389016
3933	3346.822797
3934	3345.115656
3935	3343.538492
3936	3342.453969
3937	3340.742736
3938	3339.889987
3939	3338.24109
3940	3337.398347
3941	3336.102236
3942	3334.915947
3943	3333.631372
3944	3332.341388
3945	3331.757463
3946	3330.251177
3947	3329.343063
3948	3327.912
3949	3326.999713
3950	3325.215049
3951	3324.101144
3952	3322.970492
3953	3321.361787
3954	3320.303013
3955	3319.635693
3956	3318.710681
3957	3317.36339
3958	3316.161672
3959	3314.169505
3960	3312.888372
3961	3311.763451
3962	3310.712656
3963	3308.809445
3964	3306.760941
3965	3305.609342
3966	3303.859203
3967	3302.727043
3968	3301.931595
3969	3301.794329
3970	3300.786388
3971	3300.005283
3972	3298.941178
3973	3297.28048
3974	3295.700318
3975	3293.9364
3976	3292.699569
3977	3291.106492
3978	3290.398426
3979	3289.034139
3980	3287.365374
3981	3285.550593
3982	3283.404986
3983	3282.58301
3984	3280.886798
3985	3278.510879
3986	3277.157727
3987	3276.039222
3988	3274.273516
3989	3273.31617
3990	3272.087834
3991	3271.073171
3992	3269.841321
3993	3269.710641
3994	3268.425467
3995	3266.781931
3996	3266.625341
3997	3265.469767
3998	3264.358417
3999	3263.459197
4000	3262.605089
4001	3261.452561
4002	3260.562066
4003	3259.957368
4004	3258.746591
4005	3257.606443
4006	3257.20568
4007	3256.614962
4008	3255.582594
4009	3255.478702
4010	3253.542459
4011	3252.560082
4012	3251.129184
4013	3250.083582
4014	3249.201277
4015	3248.347277
4016	3246.760512
4017	3245.374932
4018	3244.196426
4019	3242.828838
4020	3241.008756
4021	3239.268208
4022	3237.33752
4023	3236.425761
4024	3235.420465
4025	3234.335291
4026	3233.636132
4027	3232.32932
4028	3231.112551
4029	3230.494334
4030	3229.157744
4031	3227.926717
4032	3226.872577
4033	3225.810211
4034	3224.98209
4035	3223.49581
4036	3222.403769
4037	3220.739396
4038	3219.395188
4039	3218.466884
4040	3216.557452
4041	3215.261996
4042	3214.28884
4043	3214.117573
4044	3214.042269
4045	3212.64774
4046	3211.492022
4047	3210.47867
4048	3209.922131
4049	3208.564913
4050	3208.113099
4051	3207.31537
4052	3205.807495
4053	3205.67658
4054	3203.98571
4055	3202.741227
4056	3202.6199
4057	3200.923644
4058	3200.020548
4059	3199.071933
4060	3198.09079
4061	3196.967409
4062	3195.823862
4063	3194.625561
4064	3193.424818
4065	3193.334083
4066	3192.767634
4067	3190.460741
4068	3190.334669
4069	3189.903955
4070	3188.551166
4071	3188.304774
4072	3187.479291
4073	3186.391972
4074	3186.186131
4075	3184.792921
4076	3183.124563
4077	3182.073201
4078	3180.900213
4079	3179.041787
4080	3177.63721
4081	3176.944169
4082	3176.264291
4083	3175.245135
4084	3174.100718
4085	3172.50351
4086	3171.421994
4087	3169.519623
4088	3168.103562
4089	3166.634105
4090	3165.433139
4091	3163.980092
4092	3162.963343
4093	3161.705391
4094	3160.514915
4095	3159.60898
4096	3158.118414
4097	3157.292955
4098	3155.72093
4099	3154.168912
4100	3152.814409
4101	3151.041149
4102	3150.135385
4103	3149.240567
4104	3148.440319
4105	3146.972889
4106	3146.181755
4107	3144.847631
4108	3144.026495
4109	3142.481631
4110	3140.742309
4111	3139.860417
4112	3138.887164
4113	3137.785042
4114	3136.695846
4115	3135.91647
4116	3134.125514
4117	3133.537736
4118	3132.598249
4119	3131.015937
4120	3129.951062
4121	3128.542748
4122	3127.821143
4123	3127.241834
4124	3126.707397
4125	3125.871142
4126	3124.465463
4127	3123.503295
4128	3122.483636
4129	3121.042757
4130	3119.838746
4131	3119.167715
4132	3117.581088
4133	3117.48627
4134	3117.423799
4135	3115.967462
4136	3114.929377
4137	3113.563249
4138	3112.530832
4139	3111.103083
4140	3109.643007
4141	3109.458905
4142	3107.5997
4143	3106.222202
4144	3104.411313
4145	3103.381789
4146	3101.752258
4147	3100.527289
4148	3099.659234
4149	3098.703382
4150	3097.10497
4151	3095.301371
4152	3094.508708
4153	3093.579229
4154	3092.821379
4155	3091.584803
4156	3090.483997
4157	3089.702052
4158	3088.344967
4159	3087.532604
4160	3085.841597
4161	3083.414347
4162	3082.515756
4163	3081.886799
4164	3080.584278
4165	3079.630102
4166	3078.149198
4167	3077.815447
4168	3076.702787
4169	3075.867016
4170	3074.604705
4171	3073.544874
4172	3072.375989
4173	3072.04228
4174	3071.307872
4175	3070.589435
4176	3068.432511
4177	3067.391531
4178	3065.954694
4179	3064.965326
4180	3063.930471
4181	3063.229035
4182	3062.418932
4183	3061.128924
4184	3060.219433
4185	3059.088934
4186	3058.38098
4187	3057.57889
4188	3056.748015
4189	3055.949224
4190	3054.837269
4191	3053.56791
4192	3051.676439
4193	3050.123863
4194	3049.384236
4195	3047.809758
4196	3047.687616
4197	3046.450819
4198	3045.386154
4199	3043.913586
4200	3042.571065
4201	3041.482383
4202	3041.113071
4203	3039.422849
4204	3038.606653
4205	3038.317776
4206	3037.320618
4207	3036.604276
4208	3035.225378
4209	3033.626219
4210	3032.016428
4211	3030.527484
4212	3029.193098
4213	3027.689322
4214	3027.256609
4215	3026.310178
4216	3024.382787
4217	3023.745847
4218	3022.508456
4219	3021.883613
4220	3020.81142
4221	3019.790134
4222	3019.068272
4223	3017.705473
4224	3016.496774
4225	3015.55546
4226	3014.023595
4227	3013.264516
4228	3012.448646
4229	3011.19031
4230	3010.554172
4231	3009.670628
4232	3009.352468
4233	3008.639865
4234	3006.941468
4235	3006.02716
4236	3005.234368
4237	3004.263726
4238	3003.231917
4239	3002.377945
4240	3001.523837
4241	3000.451247
4242	2999.634028
4243	2998.645337
4244	2997.377301
4245	2996.521782
4246	2995.911335
4247	2995.099387
4248	2993.746546
4249	2993.663129
4250	2992.54636
4251	2991.651133
4252	2991.590377
4253	2991.521906
4254	2990.370361
4255	2988.716336
4256	2987.034984
4257	2986.554973
4258	2985.651216
4259	2984.68231
4260	2984.615034
4261	2982.688171
4262	2980.943947
4263	2979.611345
4264	2978.314783
4265	2977.455904
4266	2976.362616
4267	2975.476798
4268	2974.410579
4269	2974.27738
4270	2973.84078
4271	2972.299693
4272	2971.057489
4273	2970.016445
4274	2968.903999
4275	2968.08374
4276	2967.489785
4277	2966.804355
4278	2964.778731
4279	2963.578357
4280	2962.07794
4281	2961.051565
4282	2959.491362
4283	2958.33256
4284	2957.09384
4285	2956.243026
4286	2955.136398
4287	2954.053185
4288	2952.881588
4289	2952.252977
4290	2951.170272
4291	2949.935603
4292	2948.475804
4293	2948.422155
4294	2947.703529
4295	2947.260148
4296	2945.601273
4297	2944.371673
4298	2943.865931
4299	2942.923729
4300	2941.522127
4301	2941.381508
4302	2940.518064
4303	2938.887575
4304	2937.06194
4305	2936.0089
4306	2934.377733
4307	2933.542124
4308	2932.635023
4309	2931.220794
4310	2928.959936
4311	2928.916546
4312	2927.925789
4313	2927.766147
4314	2926.667873
4315	2925.465526
4316	2923.67017
4317	2922.867801
4318	2921.838326
4319	2921.200219
4320	2920.105956
4321	2918.700618
4322	2917.563397
4323	2917.229655
4324	2915.844696
4325	2914.438687
4326	2913.488552
4327	2912.461588
4328	2911.792173
4329	2910.645377
4330	2909.76957
4331	2908.637148
4332	2907.377681
4333	2905.923039
4334	2905.238293
4335	2904.614256
4336	2903.038075
4337	2902.052855
4338	2901.338051
4339	2899.807878
4340	2899.36736
4341	2898.326076
4342	2896.854613
4343	2895.159972
4344	2894.608657
4345	2894.487897
4346	2893.914236
4347	2892.154713
4348	2891.321582
4349	2890.167521
4350	2888.997778
4351	2887.716839
4352	2886.429566
4353	2885.614656
4354	2884.433612
4355	2883.318485
4356	2883.262937
4357	2882.578961
4358	2881.438199
4359	2880.103254
4360	2878.82504
4361	2877.482917
4362	2876.818745
4363	2876.034066
4364	2873.954678
4365	2872.969178
4366	2871.466774
4367	2870.703122
4368	2869.706328
4369	2868.513585
4370	2867.45349
4371	2866.772965
4372	2865.36833
4373	2864.203245
4374	2863.090608
4375	2861.528424
4376	2861.158702
4377	2861.082152
4378	2859.969811
4379	2859.096868
4380	2857.942059
4381	2857.138253
4382	2855.959639
4383	2855.156561
4384	2853.886147
4385	2852.729695
4386	2851.873582
4387	2851.717122
4388	2850.987679
4389	2850.491158
4390	2849.236003
4391	2847.743458
4392	2846.385362
4393	2844.947456
4394	2844.023205
4395	2842.781018
4396	2841.664433
4397	2841.014313
4398	2840.329319
4399	2839.038272
4400	2837.946238
4401	2837.068072
4402	2835.775622
4403	2834.762973
4404	2833.867329
4405	2832.789373
4406	2831.597134
4407	2830.661837
4408	2829.144436
4409	2829.099398
4410	2827.784804
4411	2826.866437
4412	2826.116893
4413	2824.735425
4414	2823.752148
4415	2822.838315
4416	2821.662715
4417	2820.359531
4418	2818.755912
4419	2817.698491
4420	2817.278644
4421	2815.701031
4422	2814.833497
4423	2814.144364
4424	2812.999531
4425	2811.556908
4426	2810.520855
4427	2809.267671
4428	2808.852715
4429	2808.416534
4430	2807.241983
4431	2805.804376
4432	2804.710659
4433	2803.753975
4434	2802.960769
4435	2801.700003
4436	2800.071446
4437	2799.090721
4438	2798.106148
4439	2797.203836
4440	2795.641264
4441	2793.944167
4442	2792.895053
4443	2791.899704
4444	2790.844758
4445	2789.96418
4446	2788.102718
4447	2787.336997
4448	2785.589356
4449	2784.635894
4450	2783.725707
4451	2782.922772
4452	2781.916025
4453	2781.047951
4454	2779.941034
4455	2778.774233
4456	2777.982329
4457	2776.474666
4458	2775.467203
4459	2774.402561
4460	2773.374069
4461	2772.722555
4462	2771.304972
4463	2770.535733
4464	2769.631787
4465	2768.427354
4466	2767.032159
4467	2766.367671
4468	2764.928839
4469	2764.190181
4470	2763.338261
4471	2762.292518
4472	2761.351652
4473	2760.476825
4474	2759.641697
4475	2758.421844
4476	2757.245913
4477	2755.670459
4478	2754.909108
4479	2753.650467
4480	2752.638418
4481	2751.216222
4482	2750.442804
4483	2749.784899
4484	2748.828547
4485	2747.859677
4486	2746.599388
4487	2745.647372
4488	2744.576249
4489	2743.367181
4490	2742.384699
4491	2742.205658
4492	2741.98627
4493	2740.553701
4494	2739.687135
4495	2738.440074
4496	2736.785839
4497	2736.087808
4498	2734.913168
4499	2733.560699
4500	2732.623745
4501	2731.066393
4502	2729.919867
4503	2729.734124
4504	2729.096743
4505	2728.691952
4506	2727.818065
4507	2726.529328
4508	2725.133012
4509	2724.348505
4510	2723.446397
4511	2722.34707
4512	2721.355102
4513	2720.020193
4514	2719.622766
4515	2718.214765
4516	2716.708642
4517	2716.084579
4518	2715.528031
4519	2714.684175
4520	2713.525335
4521	2711.862759
4522	2711.288801
4523	2709.880076
4524	2709.851688
4525	2709.010925
4526	2708.195155
4527	2707.23297
4528	2705.722106
4529	2704.527464
4530	2703.248783
4531	2701.844028
4532	2700.97425
4533	2700.929427
4534	2699.580358
4535	2698.825355
4536	2697.591903
4537	2696.302374
4538	2696.034678
4539	2694.408288
4540	2693.823554
4541	2693.623382
4542	2692.868234
4543	2692.302923
4544	2691.244326
4545	2690.606796
4546	2688.557144
4547	2687.582147
4548	2686.755366
4549	2685.626911
4550	2685.079144
4551	2683.753376
4552	2682.377087
4553	2680.556271
4554	2679.497653
4555	2678.047841
4556	2677.816566
4557	2676.776413
4558	2675.503063
4559	2674.195146
4560	2673.074408
4561	2671.910292
4562	2670.941651
4563	2670.070239
4564	2668.891079
4565	2667.580102
4566	2666.909672
4567	2666.225951
4568	2665.521093
4569	2664.347185
4570	2663.561163
4571	2662.727869
4572	2661.412476
4573	2660.111348
4574	2658.741375
4575	2657.925583
4576	2656.679573
4577	2656.587359
4578	2655.554307
4579	2654.644096
4580	2654.410514
4581	2654.001939
4582	2653.185505
4583	2652.486304
4584	2651.310396
4585	2650.318864
4586	2649.272284
4587	2648.230759
4588	2646.358773
4589	2645.80445
4590	2644.292612
4591	2643.039019
4592	2642.043137
4593	2640.802896
4594	2639.394675
4595	2638.523989
4596	2637.731277
4597	2636.687445
4598	2635.831453
4599	2634.833757
4600	2633.870836
4601	2632.91799
4602	2632.702919
4603	2631.891424
4604	2631.096362
4605	2630.572465
4606	2629.698236
4607	2628.628561
4608	2628.049375
4609	2627.078843
4610	2626.401038
4611	2625.045861
4612	2623.687482
4613	2622.187921
4614	2622.114576
4615	2621.662042
4616	2620.579633
4617	2619.264471
4618	2618.266167
4619	2616.900623
4620	2615.94725
4621	2615.262152
4622	2615.21092
4623	2614.980522
4624	2613.728208
4625	2612.454037
4626	2610.781287
4627	2610.103765
4628	2610.040006
4629	2609.640197
4630	2608.98582
4631	2607.668007
4632	2606.503045
4633	2605.920702
4634	2604.398516
4635	2603.025771
4636	2602.451415
4637	2602.27429
4638	2601.681359
4639	2600.449875
4640	2598.872134
4641	2597.987771
4642	2596.729177
4643	2596.093785
4644	2595.497762
4645	2594.76582
4646	2593.826854
4647	2592.617663
4648	2591.113714
4649	2590.310753
4650	2589.640596
4651	2588.879605
4652	2587.120721
4653	2586.108424
4654	2585.092435
4655	2583.744256
4656	2582.503427
4657	2581.175809
4658	2580.105678
4659	2578.893602
4660	2578.851322
4661	2578.053424
4662	2576.687566
4663	2576.483617
4664	2575.692515
4665	2575.0047
4666	2574.186438
4667	2573.201576
4668	2572.046784
4669	2571.303151
4670	2571.142163
4671	2570.386548
4672	2569.760178
4673	2568.693608
4674	2567.67634
4675	2566.97374
4676	2566.167729
4677	2564.507698
4678	2563.525477
4679	2563.012407
4680	2562.568481
4681	2561.255839
4682	2559.954314
4683	2558.452857
4684	2557.626071
4685	2556.958186
4686	2556.266232
4687	2555.392676
4688	2554.000446
4689	2553.623243
4690	2552.111361
4691	2550.962872
4692	2549.849549
4693	2548.997959
4694	2548.492106
4695	2547.767201
4696	2546.712605
4697	2546.037441
4698	2544.273213
4699	2543.371685
4700	2541.806942
4701	2541.106742
4702	2540.26904
4703	2539.202394
4704	2538.400644
4705	2537.811256
4706	2536.956907
4707	2536.052549
4708	2535.003441
4709	2534.02211
4710	2532.705392
4711	2531.866927
4712	2531.092287
4713	2530.413178
4714	2529.558554
4715	2528.768791
4716	2528.043697
4717	2527.060148
4718	2525.283851
4719	2524.601474
4720	2524.423001
4721	2523.506196
4722	2523.191521
4723	2522.106777
4724	2521.298406
4725	2520.402327
4726	2519.553192
4727	2518.345357
4728	2517.242696
4729	2515.692948
4730	2514.474275
4731	2513.224502
4732	2512.563872
4733	2512.114116
4734	2511.29853
4735	2510.070826
4736	2509.127426
4737	2507.853255
4738	2506.935293
4739	2506.620159
4740	2505.745297
4741	2504.92123
4742	2503.818234
4743	2503.36512
4744	2502.766282
4745	2502.043595
4746	2501.152751
4747	2501.073295
4748	2500.389334
4749	2499.45158
4750	2498.731841
4751	2498.11686
4752	2497.457688
4753	2496.019234
4754	2495.470052
4755	2494.254491
4756	2493.417439
4757	2491.978203
4758	2490.546462
4759	2489.303143
4760	2488.910053
4761	2488.306148
4762	2487.563979
4763	2486.819793
4764	2485.800854
4765	2484.996328
4766	2484.937145
4767	2483.875621
4768	2483.336178
4769	2482.418491
4770	2481.030838
4771	2480.634196
4772	2479.928612
4773	2478.596848
4774	2478.525597
4775	2477.746158
4776	2477.072833
4777	2476.094361
4778	2475.35137
4779	2474.407267
4780	2472.766241
4781	2472.089421
4782	2470.795835
4783	2470.353871
4784	2469.399639
4785	2468.297678
4786	2467.439894
4787	2466.591024
4788	2465.613588
4789	2464.938127
4790	2464.207186
4791	2463.495639
4792	2462.54534
4793	2461.994429
4794	2461.099375
4795	2460.765481
4796	2460.363918
4797	2459.643789
4798	2458.874439
4799	2458.104686
4800	2457.478513
4801	2456.710234
4802	2455.846961
4803	2455.016952
4804	2454.187035
4805	2453.366431
4806	2452.549585
4807	2451.830451
4808	2450.241012
4809	2449.604106
4810	2448.860852
4811	2447.688715
4812	2446.586316
4813	2445.817116
4814	2445.094743
4815	2444.265365
4816	2443.8349
4817	2443.090127
4818	2442.129504
4819	2441.264008
4820	2440.493307
4821	2439.637733
4822	2438.741354
4823	2437.98871
4824	2437.381699
4825	2436.780665
4826	2435.567862
4827	2434.554607
4828	2433.348201
4829	2432.212473
4830	2430.90868
4831	2429.957785
4832	2428.903024
4833	2428.076181
4834	2426.965885
4835	2426.373986
4836	2425.916224
4837	2425.146939
4838	2424.577956
4839	2423.82016
4840	2422.945394
4841	2421.715503
4842	2420.733128
4843	2419.899754
4844	2418.973011
4845	2418.022882
4846	2417.233492
4847	2416.275928
4848	2415.570143
4849	2414.872724
4850	2414.304849
4851	2413.322035
4852	2412.219763
4853	2411.749547
4854	2410.927615
4855	2409.858756
4856	2408.326122
4857	2407.152481
4858	2406.203823
4859	2405.061237
4860	2403.689001
4861	2403.048087
4862	2402.097752
4863	2401.615922
4864	2401.132122
4865	2400.37967
4866	2399.655985
4867	2399.268814
4868	2398.124992
4869	2397.178346
4870	2395.762251
4871	2394.954862
4872	2393.608429
4873	2392.688644
4874	2392.213208
4875	2391.327688
4876	2390.582768
4877	2390.123175
4878	2389.39473
4879	2388.620202
4880	2387.274077
4881	2386.295758
4882	2384.915159
4883	2384.078297
4884	2383.247499
4885	2381.895679
4886	2380.689332
4887	2379.6655
4888	2378.935478
4889	2378.298981
4890	2377.896759
4891	2377.746204
4892	2377.026237
4893	2376.256899
4894	2375.689264
4895	2374.666932
4896	2373.778378
4897	2373.225987
4898	2372.408497
4899	2372.131688
4900	2371.25396
4901	2370.500106
4902	2369.035832
4903	2368.182981
4904	2367.208974
4905	2366.280228
4906	2365.279963
4907	2364.087621
4908	2363.305061
4909	2363.093064
4910	2362.388903
4911	2361.881819
4912	2361.821031
4913	2360.929045
4914	2360.575467
4915	2360.085021
4916	2359.516681
4917	2358.6966
4918	2357.942081
4919	2357.346157
4920	2356.400122
4921	2355.749545
4922	2354.989541
4923	2354.205351
4924	2353.034645
4925	2352.023792
4926	2351.16737
4927	2350.284223
4928	2349.682345
4929	2348.670143
4930	2348.090437
4931	2347.319876
4932	2346.180244
4933	2345.780473
4934	2345.140724
4935	2344.363432
4936	2343.823831
4937	2342.932266
4938	2342.165375
4939	2341.6092
4940	2340.976288
4941	2340.240878
4942	2339.369225
4943	2338.441091
4944	2337.35296
4945	2336.190111
4946	2334.822501
4947	2334.008618
4948	2333.403701
4949	2332.900221
4950	2331.851736
4951	2331.113412
4952	2330.839573
4953	2330.061008
4954	2329.017523
4955	2327.932977
4956	2326.868481
4957	2326.605491
4958	2326.036249
4959	2325.178368
4960	2324.261711
4961	2323.232924
4962	2322.875174
4963	2321.631938
4964	2320.348628
4965	2319.299198
4966	2318.440366
4967	2317.112807
4968	2315.593478
4969	2315.046004
4970	2314.050301
4971	2313.334896
4972	2312.459404
4973	2311.88726
4974	2311.759467
4975	2310.960585
4976	2309.588264
4977	2308.880861
4978	2307.701229
4979	2306.981993
4980	2305.441473
4981	2304.517795
4982	2303.809539
4983	2303.24105
4984	2302.118836
4985	2301.474085
4986	2301.448964
4987	2300.777035
4988	2299.632834
4989	2298.989861
4990	2298.448826
4991	2297.587741
4992	2296.694326
4993	2296.093521
4994	2295.831637
4995	2294.917752
4996	2294.119542
4997	2293.126164
4998	2292.437701
4999	2291.484288
.32631
99	2672.58071
