iter	Passed	Remaining
0	3	18687
1	7	17554
2	10	1759533	14	1807944	18	1798755	21	1775866	24	1726877	27	1718888	30	1687099	33	16835110	36	16692111	39	16484112	42	16330113	46	16732114	50	16734115	53	16534116	56	16642117	60	16632118	63	16655119	67	16872220	71	16964221	75	17127222	79	17251223	83	17210224	87	17392225	91	17549226	95	17614227	100	17762228	103	17742229	107	17823330	111	17903331	116	1808332	118	17855333	122	17921334	127	18113335	133	18384336	137	18418337	141	185043338	146	1860339	149	185944440	155	18764441	159	18874442	165	19074443	169	19054444	174	19244445	179	19334446	184	19474447	190	19614448	194	19614449	199	19795550	204	19865551	210	2005552	212	19853553	218	199975554	225	20265555	230	20375556	235	20405557	240	20525558	247	20735959	250	20656660	255	20712661	261	20808662	264	20709663	270	20859664	275	20950665	280	20978666	286	21067667	291	21173668	296	21221669	302	21309770	307	21340
71	312	21367272	316	21367373	321	21377474	326	21447575	330	21447676	337	21577777	342	21617878	348	21687979	352	21668080	356	21648181	361	21658282	366	21718383	372	218084	375	21713
85	381	21824
86	387	21866
87	392	21881
88	396	21875
8989	404	220890	406	21946
91	412	21983
92	417	22039
93	421	22016
94	425	21981
95	430	21990
96	434	21976
97	441	22097
98	447	22142
99	452	22149
100	456	22137
101	461	22142
102	465	22149
103	470	22151
104	475	22163
105	478	22100
106	483	22091
107	488	22135
108	494	22174
109	498	22148
110	502	22151
111	505	22062
112	509	22053
113	515	22093
114	520	22090
115	526	22176
11116	534	2230117	535	22158
11118	543	222911119	547	2226120	547	22074
121	552	22081
122	556	22083
123	560	22047
124	565	22057
125	569	22047
126	573	22019
127	578	22001
128	582	21996
129	588	22055
130	594	22081
131	601	22180
132	609	22286
133	616	22373
134	620	22377
135	625	22383
136	630	22380
137	635	22384
138	641	22438
139	647	22482
140	652	22495
141	657	22489
142	662	22501
143	666	22492
144	672	22500
145	677	22525
146	681	22483
147	684	22447
148	689	22440
149	694	22443
150	702	22546
151	707	22551
152	713	22611
153	718	22597
154	723	22624
155	728	22622
156	732	22610
157	738	22641
158	742	22614
159	746	22581
160	752	22604
161	757	22623
162	762	22630
163	766	22603
164	770	22585
165	776	22602
166	781	22620
167	786	22617
168	790	22601
169	795	22601
170	804	22732
171	810	22755
172	817	22796
173	822	22809
174	827	22803
175	833	22834
176	838	22858
177	843	22851
178	846	22810
179	855	22920
180	860	22916
181	865	22901
182	869	22878
183	873	22857
184	878	22868
185	883	22861
186	888	22872
187	894	22893
188	899	22887
189	904	22893
190	910	22917
191	914	22896
192	918	22888
193	923	22885
194	928	22880
195	932	22853
196	936	22844
197	940	22815
198	944	22793
199	949	22780
200	952	22746
201	958	22755
202	963	22768
203	968	22762
204	973	22780
205	979	22790
206	984	22787
207	989	22789
208	994	22797
209	998	22781
210	1003	227782211	1008	227832212	1013	22766
213	1017	22758
214	1023	22776
215	1028	22769
216	1034	22801
217	1039	22812
218	1044	22807
219	1049	22807
220	1055	22814
221	1060	22826
222	1065	228142223	1069	228082224	1074	228082225	1080	228182226226	1089	222222227	1093	2222228	1091	227422229	1096	22742230	1104	228012231	1110	228152232	1114	228032233	1119	227912234	1123	227732235	1128	227762236	1133	227872237	1139	227942238	1144	227992239	1150	22817
240	1155	228192241241	1166	222242242	1172	229243243	1178	229244244	1185	229245245	1190	230246246	1195	229247247	1200	229248248	1204	229249249	1210	229250250	1215	229251251	1219	229252252	1224	229225253	1228	2292254	1224	22786225255	1238	229225256	1243	229225257	1248	229225258	1254	229225259	1260	2292260	1258	22845
261	1264	22870
262	1268	228472263	1273	228372264	1277	228282265	1281	228022266	1285	22794226267	1299	2292268	1295	22781226269	1308	229227270	1313	229271271	1318	229272272	1322	229273273	1328	229274274	1333	229275275	1338	229227276	1344	229277277	1348	229278278	1354	229279279	1360	229280280	1364	229281281	1369	229282282	1374	229283283	1377	228284	1375	22762
285	1381	22763
286	1387	22777
287	1391	22770
288	1396	22767
289	1402	22777
290	1407	22772
291	1412	22768
292292	1423	228293293	1428	228294	1425	22743
295	1429	22722
296	1434	22722
297297	1447	228298298	1453	228299299	1459	228300300	1465	228301301	1471	228302302	1478	229303303	1485	229304304	1491	22954
305	1496	22957
306	1500	22939
307	1505	22935
308	1510	229309309	1515	229310310	1519	229311311	1524	229312312	1529	229313313	1534	229314314	1540	229315315	1545	229316316	1549	228317317	1553	228318318	1560	228319319	1565	22893
320	1569	22881
321	1575	22895
322	1581	22896
323	1586	22896
324	1590	22876
325	1595	22871
326	1599	22863
327	1605	22866
328	1609	22851
329	1613	22831
330	1617	22822
331	1623	22820
332	1628	22817
333	1633	22818
334	1638	22818
335	1643	22815
336	1649	22818
337	1653	22804
338	1658	22809
339	1662	227340340	1669	228341341	1674	228342342	1678	227343343	1683	227344344	1688	227345345	1693	227346346	1697	227347347	1702	227348348	1706	227349349	1711	227350350	1717	227351351	1721	227352352	1725	227353	1721	22593
354	1727	22597
355	1731	22589
356	1735	22569
357	1742	22588
358	1749	22615
359	1753	22603
360	1758	22594
361	1763	22589
362	1768	22589
363	1772	22579
364	1777	22567
365365	1791	226366	1787	22560
367367	1801	226368	1797	22555
369	1802	22560
370	1806	22544
371	1811	22540
372	1817	22547
373	1825	22583
374	1832	22594
375	1838	22605
376	1844	22613
377	1849	22614
378	1855	22622
379	1860	22625
380	1864	22608
381	1869	22601
382	1873	22586
383	1878	22582
384	1883	22575
385	1887	22564
386	1892	22552
387	1897	22559
388	1901	22540
389	1906	22538
390	1911	22535
391	1916	22533
392	1922	22535
393	1928	22544
394	1933	22544
395	1938	22538
396	1944	22541
397	1950	22548
398	1955	22551
399	1961	22553
400	1966	22549
401	1970	22540
402	1975	22537
403	1981	22536
404	1984	22519
405	1989	22508
406	1994	22509
407	1999	22499
408	2002	22478
409	2006	22467
410	2013	22480
411	2019	22489
412	2023	22475
413	2029	22481
414	2034	22477
415	2039	22470
416	2043	22461
417	2047	22441
418	2052	22435
419	2056	22428
420	2061	22422
421	2067	22425
422	2073	22431
423	2079	22437
424	2084	22434
425	2089	22430
426	2093	22415
427	2097	22408
428	2102	22406
429	2108	22413
430	2113	22408
431	2120	22423
432	2124	22408
433	2128	22389
434	2133	22384
435	2137	22378
436	2141	22358
437	2146	22351
438	2150	22339
439	2155	22335
440	2160	22330
441	2164	22318
442	2170	22323
443	2174	22311
444	2179	22308
445	2182	22289
446	2187	22277
447	2192	22274
448	2197	22269
449	2200	22253
450	2206	22255
451	2210	22246
452	2216	22248
453	2222	22258
454454	2239	223455	2231	22237
456	2234	22216
457457	2251	223458458	2257	223459459	2262	223460460	2267	223461461	2271	223462462	2276	223463463	2281	223464464	2286	223465465	2291	222466466	2296	222467467	2302	222468468	2308	223469469	2314	223470470	2317	222471471	2321	222472472	2327	222473473	2332	222474474	2337	222475475	2342	222476476	2346	222477477	2351	222478478	2357	222479479	2363	222480480	2368	222481481	2373	222482482	2377	222483483	2382	222484484	2389	222485485	2394	222486486	2399	222487487	2406	222488488	2410	222489489	2414	222490490	2420	222491491	2424	222492492	2429	222493493	2434	222494494	2441	222495495	2445	222496496	2449	221497497	2454	22190
498	2459	22187
499	2463	22175
500	2468	22169
501	2473	221502502	2478	221503503	2486	22178
504	2490	221505505	2496	221506506	2502	221507507	2507	221508508	2512	221509509	2517	221510510	2522	221511511	2528	22160
512	2531	22146
513	2537	22146
514	2541	22131
515	2545	22120
516	2551	22120
517	2556	22118
518	2561	22116
519	2568	22128
520	2573	22128
521	2579	22125
522	2584	22127
523	2590	22132
524	2595	22126
525	2600	22117
526	2604	22109
527	2610	22107
528	2614	22100
529	2619	22095
530	2624	22088
531	2628	220532532	2633	220533533	2638	220534534	2642	220535535	2648	220536536	2653	220537537	2661	220538538	2665	220539539	2672	22075
540	2677	22065
541	2682	22066
542	2687	22057
543	2692	22051
544	2696	22045
545	2701	22034
546	2704	22012
547	2709	22010
548	2714	22010
549	2719	22005
550	2725	22004
551	2730	21999
552	2736	22004
553	2740	21992
554	2747	22002
555	2754	22014
556	2758	22004
557	2764	22003
558	2768	21996
559	2773	21989
560	2778	21983
561	2782	21969
562	2786	21956
563	2790	21951
564	2796	21948
565	2801	21944
566	2806	21938
567	2811	21936
568	2816	21932
569	2823	21944
570	2828	21941
571	2835	21946
572	2841	21950
573	2845	21938
574	2850	21938
575	2856	21939
576	2860	21929
577	2866	21933
578	2872	21935
579	2876	21924
580	2881	21917
581	2886	21910
582	2889	21894
583	2894	21888
584	2900	21890
585	2905	21882
586	2911	21884
587	2916	21880
588	2919	21866
589	2924	21861
590	2930	21861
591	2935	21857
592	2940	21849
593	2944	21837
594	2949	21833
595	2954	21830
596	2958	21819
597	2964	21820
598	2969	21815
599	2972	21798
600	2976	21787
601	2981	21780
602	2985	21770
603	2992	21781
604	3000	21795
605	3006	21801
606	3011	21794
607	3016	21793
608	3023	21797
609	3028	21792
610	3032	21782
611	3037	21776
612	3042	21771
613	3046	21765
614	3052	21761
615	3055	21747
616	3060	21739
617	3065	21738
618	3070	21735
619	3074	21722
620	3079	21712
621	3084	21710
622	3088	21701
623	3094	21704
624	3101	21709
625	3107	21712
626	3112	21705
627	3117	21705
628	3122	21697
629	3126	21686
630	3130	21673
631	3135	21668
632	3141	21672
633	3146	21669
634	3152	21670
635	3156	21660
636	3162	21660
637	3167	21658
638	3172	21651
639	3176	21643
640	3182	21643
641	3187	21639
642	3193	21637
643	3197	21626
644	3201	21618
645	3206	21613
646	3210	21601
647	3215	21596
648	3221	21598
649	3227	21596
650	3231	21587
651	3235	21576
652	3240	21569
653	3243	21557
654	3247	21541
655	3252	21540
656	3260	21552
657	3266	21554
658	3272	21554
659	3277	21548
660	3281	21542
661	3286	21534
662	3291	21528
663	3295	21520
664	3301	21520
665	3305	21512
666	3311	21510
667	3315	21502
668	3321	21503
669	3327	21502
670	3331	21494
671	3336	21485
672	3340	21475
673	3344	21467
674	3350	21468
675	3357	21476
676	3362	21468
677	3365	21455
678	3368	21439
679	3373	21433
680	3378	21426
681	3383	21424
682	3388	21418
683	3393	21412
684	3398	21405
685	3402	21396
686	3406	21386
687	3410	21377
688	3415	21373
689	3421	21373
690	3427	21373
691	3432	21368
692	3437	21362
693	3444	21372
694	3451	21377
695	3456	21376
696	3461	21369
697	3466	21368
698	3471	21358
699	3475	21349
700	3479	21340
701	3485	21338
702	3490	21334
703	3495	21328
704	3498	21314
705	3504	21317
706	3509	21312
707	3514	21307
708	3518	21294
709	3523	21290
710	3527	21280
711	3532	21276
712	3538	21272
713	3549	21305
714	3554	21301
715	3559	21296
716	3564	21294
717	3568	21284
718	3573	21279
719	3578	21274
720	3583	21265
721	3586	21249
722	3596	21275
723	3600	21263
724	3606	21264
725	3611	21262
726	3616	21259
727	3622	21257
728	3630	21270
729	3637	21278
730	3643	21278
731	3648	21273
732	3654	21273
733	3659	21270
734	3664	21263
735	3669	21258
736	3674	21252
737	3678	21246
738	3685	21247
739	3689	21237
740	3693	21229
741	3698	21223
742	3702	21215
743	3709	21217
744	3715	21221
745	3721	21219
746	3727	21221
747	3732	21216
748	3736	21208
749	3741	21204
750	3747	21200
751	3751	21193
752	3757	21190
753	3762	21186
754	3767	21183
755	3771	21173
756	3777	21174
757	3781	21163
758	3787	21162
759	3792	21156
760	3797	21150
761	3801	21140
762	3805	21134
763	3812	21141
764	3818	21140
765	3823	21134
766	3829	21133
767	3834	21127
768	3839	21124
769	3843	21113
770	3846	21100
771	3851	21094
772	3856	21090
773	3861	21085
774	3866	21076
775	3871	21072
776	3875	21063
777	3880	21060
778	3886	21057
779	3892	21057
780	3896	21048
781	3900	21041
782	3905	21033
783	3911	21033
784	3917	21036
785	3924	21038
786	3929	21032
787	3934	21028
788	3939	21026
789	3944	21020
790	3948	21011
791	3953	21002
792	3957	20996
793	3962	20989
794	3967	20982
795	3971	20973
796	3976	20969
797	3981	20966
798	3986	20959
799	3990	20950
800	3994	20939
801	3999	20934
802	4004	20929
803	4008	20921
804	4015	20923
805	4022	20929
806	4028	20931
807	4033	20927
808	4038	20919
809	4041	20907
810	4046	20901
811	4051	20896
812	4056	20888
813	4061	20885
814	4065	20877
815	4070	20872
816	4075	20866
817	4080	20860
818	4084	20852
819	4089	20848
820	4094	20843
821	4099	20836
822	4104	20832
823	4109	20826
824	4113	20817
825	4117	20806
826	4125	20815
827	4129	20808
828	4135	20808
829	4141	20809
830	4147	20809
831	4152	20802
832	4156	20794
833	4161	20788
834	4166	20782
835	4170	20773
836	4175	20767
837	4180	20763
838	4184	20752
839	4189	20748
840	4194	20743
841	4200	20741
842	4205	20736
843	4210	20732
844	4217	20738
845	4221	20730
846	4227	20728
847	4232	20724
848	4237	20718
849	4242	20713
850	4247	20708
851	4252	20702
852	4257	20699
853	4262	20695
854	4267	20686
855	4271	20679
856	4276	20674
857	4280	20664
858	4285	20657
859	4289	20650
860	4294	20646
861	4299	20640
862	4304	20633
863	4309	20628
864	4313	20617
865	4317	20609
866	4324	20612
867	4329	20610
868	4334	20606
869	4340	20605
870	4346	20606
871	4350	20594
872	4354	20587
873	4358	20576
874	4362	20567
875	4367	20562
876	4372	20555
877	4377	20549
878	4383	20549
879	4388	20545
880	4392	20537
881	4397	20532
882	4402	20528
883	4406	20518
884	4411	20511
885	4416	20508
886	4424	20515
887	4428	20507
888	4432	20498
889	4438	20494
890	4442	20489
891	4447	20483
892	4452	20476
893	4457	20471
894	4462	20467
895	4466	20460
896	4471	20453
897	4475	20445
898	4480	20440
899	4485	20433
900	4490	20430
901	4495	20423
902	4500	20417
903	4504	20407
904	4508	20402
905	4514	20397
906	4519	20396
907	4523	20386
908	4529	20384
909	4533	20374
910	4537	20368
911	4542	203591912	4547	203591913	4550	203491914	4554	203391915	4558	203291916	4563	203291917	4567	203191918	4573	203091919	4578	20303
920	4582	20296
921	4587	20292
922	4593	20289
923	4598	20284
924	4604	20286
925	4608	20276
926	4615	20281
927	4622	20282
928	4626	20273
929	4630	202693930	4636	20263
931	4640	20256
932	4645	20252
933	4650	202493934	4655	202493935	4660	202393936	4665	20232
937	4670	20225
938	4674	20218
939	4680	20214
940	4685	20211
941	4689	20203
942	4694	20196
943	4698	20189
944	4703	20181
945	4709	201894946	4716	201894947	4722	201894948	4728	201894949	4732	201795950	4737	209595951	4744	201795952	4749	20169
953	4753	201595954	4757	201595955	4761	209595956	4766	20957	957	4772	201395958	4776	20959	959	4780	20960	960	4784	20961	961	4790	20962	962	4793	20963	963	4798	20964	964	4802	20965	965	4807	20966	4780	19939
967	967	4819	20968	968	4825	20969	969	4831	20970	970	4836	20971	971	4840	20972	972	4845	20973	973	4849	20974	974	4855	20975	975	4861	20976	976	4867	20977	977	4870	20978	978	4875	20979	979	4880	20980	980	4884	20981	981	4888	20982	982	4893	19983	983	4899	199898984	4903	199898985	4911	19986	986	4920	20987	987	4924	19988	988	4927	19989	989	4931	19990	990	4937	19991	4908	19833
992	4913	19826
993	4918	19821
994	4923	19819
995	4928	19812
996	4933	19807
997	4937	19799
998	4941	19792
999	4946	19785
1000	4950	19779
10011001	4990	191002	4961	19770
10031003	5000	1910041004	5004	1910051005	5009	1910061006	5016	1910071007	5024	1910081008	5029	191009	5000	19752
1010	5005	19750
1011	5010	19746
1012	5015	19740
1013	5019	19732
1014	5024	19726
1015	5028	19719
1016	5033	19713
1017	5037	19704
1018	5041	19696
1019	5047	19696
1020	5053	19692
1021	5057	19685
1022	5062	19679
1023	5069	19682
1024	5076	19685
1025	5082	19686
1026	5088	19684
1027	5093	19681
1028	5098	19674
1029	5102	19666
1030	5107	19662
1031	5112	19655
1032	5118	19656
1033	5123	19651
1034	5127	19642
1035	5132	19636
1036	5136	19630
1037	5141	19625
1038	5145	19617
1039	5149	19606
1040	5152	19596
1041	5159	19599
1042	5166	19599
1043	5171	19595
1044	5177	19594
1045	5181	19585
1046	5186	19581
1047	5191	19577
1048	5196	19571
1049	5201	19566
1050	5205	19557
1051	5209	19552
1052	5213	19543
1053	5219	19539
1054	5223	19534
1055	5228	19527
1056	5232	19520
1057	5235	19508
101058	5244	1951101059	5249	1951101060	5254	19501061	5256	19493
1062	5265	19500
1063	5271	19501
1064	5277	19499
1065	5282	19495
1066	5287	19491
1067	5293	19489
1068	5298	19482
1069	5302	19474
1070	5305	19464
1071	5311	19460
1072	5316	19456
1073	5321	19452
1074	5327	19452
1075	5332	19445
1076	5336	19439
1077	5341	19432
1078	5346	19429
1079	5352	19427
1080	5361	19436
1081	5367	19434
1082	5372	19432
1083	5378	19429
1084	5381	19418
1085	5386	19412
1086	5390	19406
1087	5395	19399
1088	5399	19390
1089	5404	19386
1090	5408	19379
1091	5414	19376
1092	5418	19370
1093	5423	19364
1094	5428	19360
1095	5433	19355
1096	5439	19352
1097	5444	19348
1098	5450	19345
1099	5453	19335
1100	5459	19335
1101	5464	19329
1102	5470	19326
1103	5474	19320
1104	5478	19311
1105	5483	19304
1106	5487	19296
1107	5492	19292
1108	5498	19291
1109	5504	19290
1110	5510	19288
1111	5514	19280
1112	5519	19277
1113	5523	19267
1114	5528	19261
1115	5532	19255
1116	5537	19248
1117	5542	19243
1118	5546	19237
1119	5551	19232
1120	5557	19230
1121	5562	19227
1122	5567	19221
11231123	5610	1911241124	5616	1911251125	5620	1911261126	5625	1911271127	5630	1911281128	5635	1911291129	5641	191130	5608	19185
1131	5612	19179
11321132	5655	1911331133	5660	1911341134	5665	1911351135	5670	1911361136	5675	1911371137	5682	1911381138	5689	1911391139	5695	1911401140	5700	1911411141	5705	1911421142	5711	1911431143	5715	1911441144	5720	1911451145	5725	1911461146	5728	1911471147	5733	1911481148	5739	1911491149	5743	1911501150	5747	1911511151	5752	1911521152	5756	1911531153	5760	1911541154	5767	1911551155	5772	1911561156	5777	1911571157	5784	1911581158	5788	1911591159	5793	1911601160	5798	1911611161	5801	1911621162	5807	1911631163	5812	1911641164	5817	1911651165	5821	191166	5789	19014
1167	5793	19008
1168	5799	19004
1169	5804	19001
1170	5809	18995
1171	5814	18991
1172	5820	18990
1173	5826	18988
1174	5831	18984
1175	5837	18980
1176	5841	18973
1177	5846	18968
1178	5851	18965
1179	5856	18957
1180	5860	18951
1181	5863	18940
1182	5869	18938
1183	5873	18930
1184	5878	18925
1185	5883	18920
1186	5888	18914
1187	5893	18910
1188	5899	18910
1189	5905	18909
1190	5911	18906
1191	5915	18898
1192	5920	18893
1193	5925	18889
1194	5930	18883
1195	5935	18879
1196	5939	18870
1197	5944	18865
1198	5950	18863
1199	5955	18859
1200	5959	18849
1201	5963	18841
1202	5967	18836
1203	5972	18830
1204	5977	18825
1205	5981	18816
1206	5986	18812
1207	5991	18806
1208	5997	18804
1209	6003	18803
1210	6007	18797
1211	6012	18793
1212	6017	18785
1213	6021	18779
1214	6026	18774
1215	6031	18768
1216	6036	18762
1217	6040	18756
1218	6045	18750
1219	6049	18744
1220	6054	18739
1221	6059	18734
1222	6064	18729
1223	6068	18720
1224	6073	18715
1225	6077	18707
1226	6084	18709
1227	6090	18709
1228	6098	18711
1229	6103	18707
1230	6109	18705
1231	6114	18701
1232	6119	18695
1233	6123	18686
1234	6127	18680
1235	6132	18675
1236	6136	18666
1237	6141	18663
1238	6145	18653
1239	6148	18644
1240	6153	18639
1241	6158	18635
1242	6163	18629
1243	6167	18622
1244	6173	18620
1245	6179	18618
1246	6186	18619
1247	6191	18612
1248	6196	18607
1249	6201	18603
1250	6204	18592
1251	6208	18585
12521252	6255	181253	6219	18578
1254	6223	18571
1255	6229	18568
1256	6233	18563
1257	6239	18559
1258	6244	18555
1259	6250	18552
1260	6256	18549
1261	6261	18545
1262	6265	18539
12631263	6312	1812641264	6317	1812651265	6323	1812661266	6327	1812671267	6332	18637
1268	6336	1812691269	6343	1812701270	6348	18626
1271	6354	18622
1272	6359	18617
1273	6362	1812741274	6367	1812751275	6371	1812761276	6375	1812771277	6380	18581
1278	6386	18580
1279	6392	18578
1280	6399	18577
1281	6405	18577
1282	6413	18579
1283	6418	18576
1284	6422	18568
1285	6428	18564
1286	6432	18557
1287	6437	18551
1288	6441	18545
1289	6446	18540
1290	6451	18533
1291	6455	18526
1292	6461	18524
1293	6466	18518
1294	6469	18510
1295	6474	18504
1296	6480	18501
1297	6485	1841291298	6490	1841291299	6496	1841301300	6503	1841301301	6508	1841301302	6512	1841301303	6518	1841301304	6522	1841301305	6527	1841301306	6531	1841301307	6535	1841301308	6540	1841301309	6545	1841311310	6549	1841311311	6553	1841311312	6558	1841311313	6563	1841314	6532	18304
1315	6537	18301
1316	6544	18300
1317	6549	18297
1318	6555	18294
1319	6559	18288
1320	6565	18283
1321	6568	18274
1321322	6610	1831321323	6615	1831321324	6620	1831321325	6625	1831321326	6631	1831321327	6635	1831321328	6641	1831321329	6647	1831331330	6650	1831331331	6655	1831331332	6660	1831331333	6664	1831331334	6670	1831331335	6674	1831331336	6680	1831331337	6687	1831331338	6692	1821331339	6697	1821341340	6702	1821341341	6707	1821341342	6711	1821341343	6716	1821341344	6721	1821341345	6726	1821346	6693	18151
1347	6697	18145
1348	6704	18144
1349	6708	18138
1351350	6752	1821351	6718	18128
1352	6725	18128
1353	6731	18125
1354	6737	18122
1355	6740	18114
1356	6745	18108
1357	6750	18103
1358	6754	18096
1359	6757	18087
1361360	6801	1811361361	6806	1811361362	6813	1811361363	6817	1811364	6784	18066
1365	6788	18060
1366	6792	18051
1367	6796	18043
1368	6802	18041
1369	6807	18038
1370	6815	18040
1371	6821	18037
1372	6825	18031
1373	6831	18027
1374	6835	18022
1375	6840	18015
1376	6844	18007
1377	6849	18004
1378	6854	17998
1379	6858	17992
1380	6863	17985
1381	6868	17980
1382	6873	17975
1383	6878	17972
1384	6884	17970
1385	6890	17966
1386	6894	17960
1387	6899	17954
1388	6904	17949
1389	6908	17942
1390	6911	17933
1391	6916	17926
1392	6922	17923
1393	6926	17918
1394	6932	17914
1395	6936	17907
1396	6941	17902
1397	6945	17896
1398	6950	17891
1399	6956	17887
1400	6960	17881
1401	6965	17875
1402	6969	17867
1403	6973	17860
1404	6978	17856
1405	6983	17852
1406	6990	17852
1407	6996	17848
1408	7003	17848
1409	7007	17843
1410	7013	17839
1411	7017	17832
1412	7022	17826
1411413	7066	1791411414	7071	1791411415	7076	1791411416	7081	1791411417	7086	1791411418	7091	1781411419	7097	1781421420	7102	1781421421	7107	1781421422	7112	1781421423	7116	1781421424	7121	1781421425	7128	1781421426	7133	1781421427	7139	1781421428	7144	1781421429	7148	1781431430	7153	1781431431	7158	1781431432	7162	1781431433	7167	1781431434	7171	1781431435	7177	1781431436	7181	1781431437	7186	1781438	7150	17695
1439	7155	17689
1440	7159	17682
1441	7164	17676
1442	7168	17671
1443	7175	17670
1444	7180	17665
1445	7184	17659
1446	7189	17652
1447	7197	17655
1448	7204	17656
1449	7210	17652
1450	7216	17650
1451	7219	17641
1452	7224	17637
1453	7228	17629
1454	7232	17621
1455	7238	17619
1456	7243	17614
1457	7248	17608
1458	7253	17603
1459	7258	17598
1460	7262	17592
1461	7266	17585
1462	7271	17580
1463	7275	17572
1464	7281	17569
1465	7285	17561
1466	7289	17556
1467	7295	17553
1468	7302	17552
1469	7309	17552
1470	7314	17547
1471	7318	17539
1472	7322	17533
1473	7327	17527
1474	7332	17522
1475	7336	17515
1476	7341	17510
1477	7346	17505
1478	7349	17497
1479	7355	17493
1480	7360	17490
1481	7366	17485
1482	7370	17478
1483	7374	17472
1484	7379	17466
1485	7383	17460
1481486	7433	1751481487	7438	1751481488	7442	1751481489	7449	1751491490	7456	1751491491	7463	1751491492	7469	1751491493	7473	1751491494	7478	1751491495	7482	1751491496	7486	1751491497	7491	1751491498	7496	1751491499	7500	1751501500	7505	1741501501	7510	1741501502	7514	1741503	7476	17378
1504	7481	17374
1505	7486	17369
1506	7490	17362
1507	7496	17358
1508	7501	17354
1509	7508	17353
1510	7513	1734811511	7517	1734211512	7522	1733611513	7526	1733011511514	7576	1711511515	7580	1711511516	7585	1711511517	7590	1711511518	7594	1741511519	7599	1731521520	7604	1711521521	7608	1711521522	7613	1711521523	7617	1711521524	7622	1711521525	7628	1711521526	7632	1711521527	7637	1711521528	7643	1711521529	7650	1711531530	7655	1711531531	7661	1711531532	7664	1715331533	7669	1715341534	7674	1715351535	7679	1715361536	7684	1715371537	7688	1715381538	7693	1715391539	7697	1715401540	7702	1715411541	7706	1715421542	7710	1715431543	7717	1715441544	7721	1715451545	7727	1715461546	7731	171547	7688	17144
1548	7692	17137
1549	7697	17132
15501550	7750	171551	7707	17122
15521552	7760	1715531553	7765	1711551554	7771	1715551555	7777	1715561556	7781	1715571557	7787	1715581558	7792	1711551559	7797	1711561560	7803	1711561561	7808	1711561562	7813	1711561563	7818	1715641564	7822	1715651565	7826	1711561566	7831	1715671567	7836	1711561568	7842	1711561569	7847	1711571570	7852	1711571571	7857	1711571572	7862	1711571573	7867	1711571574	7872	1711571575	7877	1715761576	7881	1715771577	7884	1711571578	7893	1711571579	7898	1711581580	7903	1711581581	7909	1711581582	7915	1711581583	7918	1711581584	7924	1711581585	7929	1711581586	7933	1711581587	7937	1711581588	7943	1715891589	7947	1715901590	7952	1711591591	7956	1715921592	7961	1715931593	7966	1715941594	7971	1715951595	7976	1715961596	7981	1715971597	7986	171598	7941	16890
1599	7948	16891
11600	7955	1688911601	7960	1688511602	7965	1688011603	7970	1687411604	7974	1686811605	7979	1686211606	7984	1685811607	7989	1685211608	7994	1684811609	7999	1684311610	8003	1683711611	8008	1683211612	8013	1682611613	8018	1682211614	8024	1681811615	8029	1681411616	8033	1680811617	8039	1680411618	8044	168001619	8048	16792
1620	8052	16785
11621	8060	1678611622	8064	1678011623	8068	1677311624	8073	1676811625	8079	1676411626	8083	167581627	8087	16750
11628	8094	1675011629	8098	1674311630	8103	1673711631	8108	1673211632	8114	1673011633	8119	1672511634	8125	1672311635	8131	1672111636	8136	1671411637	8140	1670711638	8145	1670311639	8149	1669611640	8154	1669211641	8159	166861642	8162	16677
1643	8167	16673
1644	8173	16669
1645	8177	16663
1646	8183	16659
1647	8187	16653
1648	8193	16650
11649	8200	1664811650	8204	1664311651	8210	166391652	8213	16630
1653	8218	16626
1654	8222	16619
11655	8229	1661711656	8234	1661311657	8239	1660711658	8244	1660311659	8248	1659611660	8254	1659211661	8259	1658711662	8264	1658211663	8269	1657811664	8275	1657511665	8280	1657011666	8286	1656711667	8292	1656411668	8296	1655811669	8301	1655211670	8306	1654811671	8310	1654111672	8315	1653511673	8320	1653211674	8326	165281675	8330	16521
1676	8334	16515
1677	8338	16508
1678	8344	16504
1679	8348	16498
1680	8354	16496
1681	8360	16492
1682	8363	16483
11683	8369	1648111684	8375	1647711685	8380	1647311686	8386	164681687	8391	16464
1688	8397	16461
1689	8402	16456
1690	8408	16453
1691	8411	16445
1692	8416	16440
1693	8421	16435
1694	8426	16430
1695	8431	16425
1696	8436	16419
1697	8439	16411
1698	8444	16407
1699	8450	16403
1700	8455	16398
1701	8459	16392
1702	8464	16386
1703	8468	16380
1704	8473	16375
1705	8479	16372
1706	8485	16368
1707	8490	16364
1708	8493	16355
11709	8498	1635111710	8504	1634811711	8509	1634211712	8514	1633811713	8520	1633411714	8523	1632711715	8528	1632111716	8534	1631811717	8539	1631411718	8545	1631011719	8549	1630311720	8554	1629711721	8559	1629211722	8565	1629011723	8570	1628511724	8575	16281
1725	8583	16281
1726	8588	16277
1727	8593	16272
1728	8598	16266
1729	8603	16261
1730	8608	16256
1731	8612	16250
1732	8617	16244
1733	8622	16240
1734	8627	16235
1735	8631	16229
1736	8636	16223
1737	8641	16219
1738	8646	16214
1739	8651	16209
1740	8656	16203
1741	8661	16199
1742	8669	16199
1743	8673	16193
1744	8678	16188
1745	8684	16184
1746	8689	16179
1747	8694	16174
1748	8698	16169
1749	8703	16164
1750	8707	1615711751	8712	1615111752	8716	1614511753	8722	1614111754	8728	1613811755	8732	1613211756	8737	1612711757	8742	1612211758	8746	1611611759	8751	1611011760	8755	1610311761	8759	1609711762	8765	1609411763	8772	1609211764	8778	1609011765	8785	16087
1766	8790	16083
1767	8796	16079
1768	8802	16076
1769	8807	16071
1770	8811	16066
1771	8817	16061
1772	8821	16056
1773	8828	16055
1774	8834	16051
1775	8840	16047
1776	8845	16042
1777	8850	16039
1778	8856	16034
1779	8860	16028
1780	8864	16021
1781	8871	16020
1782	8876	16016
1783	8882	16011
1784	8886	16006
1785	8891	16000
1786	8897	15997
1787	8901	15991
1788	8906	15985
1789	8911	15981
1790	8916	15975
1791	8920	15969
1792	8925	15964
1793	8930	15959
1794	8935	15954
1795	8939	15948
1796	8944	15943
1797	8950	15938
1798	8956	15936
1799	8962	15933
1800	8968	15930
1801	8972	15923
1802	8976	15917
1803	8982	15912
1804	8988	15910
1805	8993	15905
1806	8999	15901
1807	9003	15896
1808	9007	15889
1809	9011	15882
1810	9017	15878
1811	9021	15873
1812	9027	15868
1813	9033	15865
1814	9038	15861
1815	9043	15855
1816	9048	15851
1817	9054	15847
1818	9058	15841
1819	9062	15835
1820	9068	15831
1821	9075	15830
1822	9080	15824
1823	9086	15820
1824	9091	15817
1825	9096	15812
1826	9102	15808
1827	9106	15802
1828	9111	15796
1829	9115	15789
1830	9120	15785
1831	9124	15779
1832	9129	15773
1833	9134	15769
1834	9139	15764
1835	9144	15758
1836	9150	15754
1837	9155	15750
1838	9161	15746
1839	9166	15741
1840	9171	15738
1841	9178	15735
1842	9183	15730
1843	9188	15725
1844	9192	15719
1845	9199	15717
1846	9204	15713
1847	9209	15707
1848	9212	15700
1849	9216	15693
1850	9221	15687
1851	9225	15681
1852	9230	15676
1853	9235	15672
1854	9240	15665
1855	9243	15658
1856	9248	15653
1857	9256	15653
1858	9261	15649
1859	9268	15646
1860	9273	15641
1861	9277	15635
1862	9282	15629
1863	9286	15624
1864	9290	15617
1865	9296	15614
1866	9301	15609
1867	9306	15603
1868	9311	15598
1869	9317	15594
1870	9321	15588
1871	9326	15583
1872	9332	15579
1873	9337	15575
1874	9342	15570
1875	9346	15564
1876	9353	15561
1877	9358	15558
1878	9364	15554
1879	9370	15551
1880	9374	15545
1881	9380	15540
1882	9384	15534
1883	9390	15530
1884	9394	15524
1885	9399	15519
1886	9405	15516
1887	9410	15510
1888	9415	15505
1889	9421	15502
1890	9427	15499
1891	9431	15493
1892	9436	15487
1893	9441	15483
1894	9446	15477
1895	9450	15471
1896	9458	15472
1897	9462	15465
1898	9467	15460
1899	9471	15454
1900	9477	15450
1901	9482	15445
1902	9488	15441
1903	9493	15436
1904	9498	15431
1905	9503	15426
1906	9508	15421
1907	9513	15416
1908	9517	15411
1909	9522	15405
1910	9528	15401
1911	9534	15398
1912	9541	15396
1913	9545	15389
1914	9550	15386
1915	9555	15381
1916	9562	15378
1917	9566	15371
1918	9570	15366
1919	9576	15361
1920	9580	15355
1921	9585	15350
1922	9590	15345
1923	9594	15339
1924	9599	15334
1925	9605	15330
1926	9610	15326
1927	9615	15321
1928	9620	15316
1929	9625	15311
1930	9630	15305
1931	9634	15299
1932	9639	15294
1933	9643	15287
1934	9646	15280
1935	9651	15274
1936	9656	15270
1937	9662	15265
1938	9667	15262
1939	9672	15256
1940	9677	15251
1941	9682	15246
1942	9688	15243
1943	9692	15236
1944	9696	15230
1945	9701	15225
1946	9707	15222
1947	9714	15219
1948	9719	15215
1949	9724	15210
1950	9728	15204
1951	9732	15197
1952	9737	15192
1953	9742	15187
1954	9746	15179
1955	9751	15175
1956	9755	15168
1957	9760	15163
1958	9765	15159
1959	9771	15155
1960	9775	15149
1961	9781	15145
1962	9787	15142
1963	9791	15135
1964	9796	15130
1965	9801	15126
1966	9806	15121
1967	9812	15117
1968	9816	15111
1969	9822	15107
1970	9825	15100
1971	9831	15095
1972	9836	15091
1973	9842	15088
1974	9848	15084
1975	9853	15078
1976	9858	15074
1977	9863	15069
1978	9868	15065
1979	9874	15061
1980	9879	15055
1981	9883	15049
1982	9889	15046
1983	9894	15040
1984	9899	15036
1985	9905	15032
1986	9909	15026
1987	9914	15021
1988	9919	15017
1989	9926	15013
1990	9932	15011
1991	9937	15005
1992	9940	14998
1993	9946	14994
1994	9950	14988
1995	9955	14983
1996	9960	14977
1997	9964	14971
1998	9969	14966
1999	9975	14962
2000	9980	14957
2001	9986	14954
2002	9991	14950
2003	9996	14945
2004	10001	14939
2005	10006	14934
2006	10010	14928
2007	10015	14923
2008	10020	14918
2009	10024	14911
2010	10028	14905
2011	10033	14901
2012	10038	14896
2013	10044	14891
2014	10049	14887
2015	10053	14880
2016	10058	14875
2017	10065	14873
2018	10070	14868
2019	10075	14863
2020	10079	14857
2021	10083	14850
2022	10086	14843
2023	10091	14837
2024	10095	14831
2025	10100	14826
2026	10104	14819
2027	10107	14813
2028	10112	14807
2029	10117	14802
2030	10122	14798
2031	10129	14795
2032	10137	14794
2033	10142	14790
2034	10146	14783
2035	10151	14778
2036	10156	14772
2037	10159	14765
2038	10165	14762
2039	10171	14758
2040	10175	14752
2041	10180	14747
2042	10184	14741
2043	10190	14737
2044	10196	14733
2045	10200	14728
2046	10206	14724
2047	10211	14718
2048	10216	14714
2049	10221	14709
2050	10226	14703
2051	10231	14699
2052	10236	14693
2053	10240	14687
2054	10244	14681
2055	10250	14677
2056	10255	14672
2057	10260	14667
2058	10265	14662
2059	10270	14658
2060	10275	14652
2061	10280	14648
2062	10286	14644
2063	10293	14642
2064	10300	14639
2065	10305	14635
2066	10310	14630
2067	10316	14625
2068	10321	14621
2069	10326	14617
2070	10330	14610
2071	10337	14607
2072	10340	14600
2073	10345	14595
2074	10349	14589
2075	10355	14584
2076	10359	14578
2077	10364	14574
2078	10368	14568
2079	10374	14564
2080	10380	14560
2081	10385	14555
2082	10390	14550
2083	10396	14547
2084	10402	14543
2085	10407	14539
2086	10413	14534
2087	10418	14529
2088	10423	14525
2089	10428	14520
2090	10433	14515
2091	10437	14509
2092	10444	14506
2093	10451	14504
2094	10456	14498
2095	10462	14495
2096	10468	14491
2097	10473	14486
2098	10477	14481
2099	10481	14474
2100	10487	14470
2101	10493	14466
2102	10497	14460
2103	10502	14455
2104	10507	14451
2105	10513	14447
2106	10518	14441
2107	10522	14436
2108	10527	14430
2109	10534	14428
2110	10539	14423
2111	10543	14417
2112	10548	14412
2113	10552	14406
2114	10557	14401
2115	10561	14394
2116	10566	14389
2117	10571	14384
2118	10575	14379
2119	10580	14373
2120	10584	14366
2121	10590	14363
2122	10596	14359
2123	10601	14355
2124	10606	14349
2125	10612	14345
2126	10617	14341
2127	10622	14336
2128	10629	14334
2129	10634	14329
2130	10639	14324
2131	10644	14318
2132	10648	14312
2133	10653	14308
2134	10657	14301
2135	10662	14296
2136	10667	14291
2137	10672	14286
2138	10677	14282
2139	10683	14277
2140	10689	14274
2141	10694	14269
2142	10700	14265
2143	10703	14257
2144	10708	14253
2145	10712	14246
2146	10717	14241
2147	10724	14239
2148	10730	14235
2149	10737	14232
2150	10742	14228
2151	10746	14221
2152	10750	14215
2153	10755	14210
2154	10759	14204
2155	10763	14198
2156	10767	14191
2157	10773	14187
2158	10778	14183
2159	10783	14177
2160	10788	14173
2161	10793	14168
2162	10797	14162
2163	10804	14159
2164	10810	14155
2165	10816	14152
2166	10821	14146
2167	10826	14141
2168	10830	14136
2169	10836	14131
2170	10840	14126
2171	10844	14119
2172	10849	14114
2173	10854	14109
2174	10859	14105
2175	10864	14099
2176	10869	14095
2177	10874	14090
2178	10878	14083
2179	10883	14078
2180	10889	14074
2181	10894	14070
2182	10900	14066
2183	10905	14061
2184	10909	14055
2185	10913	14048
2186	10918	14043
2187	10923	14038
2188	10927	14032
2189	10931	14025
2190	10936	14021
2191	10942	14017
2192	10946	14011
2193	10950	14004
2194	10955	13999
2195	10960	13994
2196	10964	13989
2197	10968	13983
2198	10973	13978
2199	10979	13973
2200	10984	13969
2201	10990	13964
2202	10996	13961
2203	11001	13956
2204	11006	13951
2205	11011	13947
2206	11016	13941
2207	11019	13934
2208	11024	13929
2209	11029	13924
2210	11033	13918
2211	11039	13914
2212	11044	13908
2213	11049	13903
2214	11054	13898
2215	11059	13894
2216	11064	13889
2217	11068	13883
2218	11073	13878
2219	11080	13875
2220	11086	13872
2221	11092	13868
2222	11097	13862
2223	11101	13856
2224	11106	13852
2225	11111	13846
2226	11114	13839
2227	11119	13834
2228	11124	13829
2229	11130	13825
2230	11134	13820
2231	11138	13813
2232	11144	13809
2233	11150	13805
2234	11156	13801
2235	11159	13795
2236	11166	13791
2237	11171	13787
2238	11176	13782
2239	11181	13777
2240	11185	13770
2241	11190	13765
2242	11195	13761
2243	11201	13757
2244	11205	13751
2245	11209	13745
2246	11215	13740
2247	11219	13734
2248	11223	13728
2249	11228	13723
2250	11233	13718
2251	11238	13713
2252	11242	13707
2253	11247	13702
2254	11254	13699
2255	11261	13697
2256	11269	13696
2257	11275	13692
2258	11279	13685
2259	11283	13680
2260	11287	13673
2261	11292	13668
2262	11297	13663
2263	11301	13658
2264	11307	13653
2265	11311	13647
2266	11316	13642
2267	11320	13637
2268	11325	13631
2269	11329	13625
2270	11333	13619
2271	11338	13614
2272	11344	13610
2273	11349	13606
2274	11354	13600
2275	11359	13595
2276	11364	13590
2277	11369	13585
2278	11373	13578
2279	11377	13573
2280	11380	13565
2281	11385	13561
2282	11390	13556
2283	11396	13551
2284	11401	13546
2285	11406	13541
2286	11410	13535
2287	11415	13530
2288	11421	13527
2289	11426	13521
2290	11431	13517
2291	11436	13512
2292	11442	13508
2293	11446	13502
2294	11451	13497
2295	11456	13492
2296	11460	13486
2297	11465	13480
2298	11469	13474
2299	11473	13469
2300	11477	13463
2301	11482	13457
2302	11487	13452
2303	11492	13447
2304	11497	13443
2305	11504	13439
2306	11510	13435
2307	11515	13431
2308	11521	13427
2309	11524	13420
2310	11528	13414
2311	11534	13409
2312	11538	13404
2313	11543	13399
2314	11549	13395
2315	11553	13389
2316	11557	13383
2317	11561	13377
2318	11566	13372
2319	11571	13367
2320	11576	13361
2321	11581	13357
2322	11587	13353
2323	11593	13349
2324	11598	13344
2325	11603	13339
2326	11607	13333
2327	11612	13328
2328	11617	13323
2329	11623	13319
2330	11629	13315
2331	11632	13308
2332	11637	13304
2333	11641	13297
2334	11646	13292
2335	11650	13286
2336	11654	13280
2337	11659	13274
2338	11662	13268
2339	11668	13264
2340	11674	13260
2341	11679	13255
2342	11684	13250
2343	11688	13244
2344	11693	13239
2345	11696	13231
2346	11701	13227
2347	11706	13222
2348	11712	13218
2349	11718	13214
2350	11723	13209
2351	11727	13203
2352	11732	13197
2353	11736	13192
2354	11741	13187
2355	11746	13182
2356	11753	13179
2357	11759	13175
2358	11763	13169
2359	11766	13162
2360	11772	13158
2361	11777	13153
2362	11781	13147
2363	11785	13141
2364	11789	13135
2365	11793	13129
2366	11798	13124
2367	11803	13119
2368	11808	13113
2369	11812	13108
2370	11816	13102
2371	11822	13098
2372	11827	13093
2373	11833	13089
2374	11838	13084
2375	11842	13079
2376	11849	13075
2377	11853	13069
2378	11858	13065
2379	11862	13059
2380	11868	13054
2381	11873	13049
2382	11876	13042
2383	11881	13037
2384	11885	13032
2385	11890	13026
2386	11895	13021
2387	11900	13016
2388	11904	13011
2389	11909	13005
2390	11914	13001
2391	11919	12995
2392	11924	12991
2393	11931	12988
2394	11937	12984
2395	11941	12978
2396	11945	12972
2397	11949	12966
2398	11953	12959
2399	11957	12953
2400	11961	12947
2401	11965	12941
2402	11970	12937
2403	11975	12932
2404	11981	12927
2405	11986	12922
2406	11992	12919
2407	11996	12913
2408	12001	12908
2409	12006	12903
2410	12014	12901
2411	12020	12898
2412	12026	12893
2413	12030	12887
2414	12035	12882
2415	12039	12877
2416	12044	12871
2417	12050	12867
2418	12053	12861
2419	12058	12856
2420	12064	12851
2421	12069	12846
2422	12073	12841
2423	12077	12835
2424	12082	12830
2425	12087	12825
2426	12091	12819
2427	12097	12814
2428	12101	12809
2429	12109	12806
2430	12113	12801
2431	12119	12797
2432	12126	12794
2433	12131	12789
2434	12136	12784
2435	12140	12778
2436	12145	12773
2437	12150	12767
2438	12154	12762
2439	12159	12757
2440	12165	12753
2441	12170	12748
2442	12174	12742
2443	12179	12737
2444	12183	12732
2445	12188	12726
2446	12192	12721
2447	12197	12715
2448	12202	12711
2449	12207	12705
2450	12212	12701
2451	12216	12695
2452	12220	12688
2453	12226	12684
2454	12230	12678
2455	12235	12674
2456	12241	12669
2457	12246	12664
2458	12251	12660
2459	12257	12655
2460	12262	12650
2461	12267	12645
2462	12271	12639
2463	12276	12635
2464	12282	12631
2465	12288	12627
2466	12293	12622
2467	12299	12618
2468	12303	12612
2469	12307	12606
2470	12312	12600
2471	12316	12596
2472	12322	12591
2473	12326	12585
2474	12332	12581
2475	12337	12577
2476	12343	12572
2477	12347	12567
2478	12352	12561
2479	12356	12555
2480	12360	12550
2481	12365	12544
2482	12371	12540
2483	12374	12534
2484	12379	12529
2485	12389	12528
2486	12395	12525
2487	12401	12521
2488	12407	12517
2489	12411	12511
2490	12415	12505
2491	12420	12499
2492	12424	12494
2493	12431	12490
2494	12436	12485
2495	12440	12480
2496	12445	12475
2497	12449	12469
2498	12455	12465
2499	12461	12461
2500	12466	12456
2501	12471	12451
2502	12477	12448
2503	12482	12442
2504	12488	12438
2505	12493	12434
2506	12498	12428
2507	12503	12423
2508	12506	12416
2509	12510	12410
2510	12516	12406
2511	12522	12403
2512	12525	12396
2513	12530	12390
2514	12535	12386
2515	12541	12381
2516	12545	12376
2517	12550	12371
2518	12556	12366
2519	12561	12361
2520	12568	12358
2521	12574	12355
2522	12580	12350
2523	12584	12344
2524	12589	12339
2525	12593	12334
2526	12598	12329
2527	12601	12322
2528	12606	12317
2529	12611	12312
2530	12616	12307
2531	12621	12302
2532	12626	12297
2533	12630	12291
2534	12635	12286
2535	12640	12281
2536	12647	12278
2537	12653	12274
2538	12659	12270
2539	12663	12264
2540	12668	12259
2541	12673	12254
2542	12678	12249
2543	12682	12244
2544	12687	12238
2545	12692	12233
2546	12696	12228
2547	12701	12223
2548	12706	12218
2549	12710	12212
2550	12715	12206
2551	12720	12201
2552	12725	12197
2553	12731	12192
2554	12735	12187
2555	12743	12184
2556	12749	12181
2557	12753	12175
2558	12757	12169
2559	12762	12164
2560	12767	12158
2561	12771	12153
2562	12776	12148
2563	12782	12144
2564	12787	12139
2565	12790	12132
2566	12796	12128
2567	12801	12123
2568	12805	12117
2569	12809	12111
2570	12813	12106
2571	12819	12102
2572	12824	12096
2573	12829	12091
2574	12832	12084
2575	12839	12082
2576	12845	12077
2577	12850	12072
2578	12854	12067
2579	12859	12062
2580	12864	12057
2581	12869	12052
2582	12875	12047
2583	12878	12041
2584	12883	12036
2585	12887	12030
2586	12892	12025
2587	12897	12020
2588	12902	12015
2589	12907	12010
2590	12912	12005
2591	12918	12001
2592	12923	11996
2593	12930	11993
2594	12935	11988
2595	12942	11984
2596	12945	11978
2597	12949	11972
2598	12954	11967
2599	12959	11962
2600	12963	11956
2601	12967	11951
2602	12972	11946
2603	12977	11940
2604	12981	11935
2605	12986	11929
2606	12991	11925
2607	12997	11920
2608	13003	11916
2609	13007	11911
2610	13016	11909
2611	13021	11904
2612	13027	11900
2613	13032	11896
2614	13036	11890
2615	13041	11884
2616	13044	11878
2617	13049	11873
2618	13054	11868
2619	13059	11863
2620	13063	11857
2621	13069	11853
2622	13076	11849
2623	13079	11843
2624	13084	11838
2625	13088	11832
2626	13094	11828
2627	13099	11823
2628	13108	11822
2629	13114	11817
2630	13121	11814
2631	13128	11811
2632	13133	11806
2633	13138	11801
2634	13144	11797
2635	13149	11792
2636	13154	11787
2637	13159	11782
2638	13163	11777
2639	13169	11773
2640	13175	11768
2641	13179	11762
2642	13184	11758
2643	13189	11753
2644	13193	11747
2645	13199	11742
2646	13204	11738
2647	13210	11733
2648	13214	11728
2649	13221	11724
2650	13227	11720
2651	13233	11716
2652	13239	11712
2653	13245	11708
2654	13250	11703
2655	13254	11697
2656	13259	11692
2657	13264	11687
2658	13269	11682
2659	13274	11677
2660	13279	11672
2661	13284	11667
2662	13288	11661
2663	13293	11656
2664	13298	11652
2665	13304	11647
2666	13308	11641
2667	13313	11636
2668	13318	11632
2669	13324	11628
2670	13330	11623
2671	13336	11619
2672	13341	11614
2673	13345	11608
2674	13350	11603
2675	13353	11596
2676	13358	11592
2677	13363	11587
2678	13369	11582
2679	13374	11577
2680	13379	11572
2681	13384	11567
2682	13389	11563
2683	13394	11557
2684	13399	11552
2685	13405	11548
2686	13411	11544
2687	13416	11540
2688	13423	11536
2689	13429	11532
2690	13434	11527
2691	13439	11522
2692	13443	11516
2693	13448	11511
2694	13453	11506
2695	13459	11502
2696	13463	11496
2697	13468	11491
2698	13473	11486
2699	13477	11481
2700	13482	11475
2701	13486	11470
2702	13491	11464
2703	13495	11459
2704	13501	11454
2705	13505	11449
2706	13511	11445
2707	13516	11439
2708	13522	11436
2709	13528	11431
2710	13533	11426
2711	13537	11421
2712	13542	11416
2713	13547	11410
2714	13552	11405
2715	13557	11401
2716	13562	11395
2717	13567	11391
2718	13571	11385
2719	13577	11381
2720	13583	11376
2721	13588	11372
2722	13591	11365
2723	13596	11360
2724	13602	11355
2725	13607	11350
2726	13611	11345
2727	13615	11339
2728	13623	11337
2729	13629	11332
2730	13633	11326
2731	13638	11322
2732	13644	11317
2733	13648	11311
2734	13653	11306
2735	13658	11302
2736	13662	11296
2737	13667	11291
2738	13672	11286
2739	13676	11280
2740	13681	11275
2741	13686	11270
2742	13691	11265
2743	13697	11261
2744	13703	11257
2745	13710	11253
2746	13714	11248
2747	13720	11243
2748	13724	11237
2749	13729	11233
2750	13734	11228
2751	13739	11223
2752	13746	11219
2753	13751	11214
2754	13756	11209
2755	13760	11204
2756	13764	11198
2757	13769	11193
2758	13775	11188
2759	13779	11182
2760	13783	11177
2761	13791	11174
2762	13796	11170
2763	13803	11166
2764	13807	11160
2765	13811	11155
2766	13816	11149
2767	13821	11144
2768	13825	11139
2769	13830	11134
2770	13835	11129
2771	13841	11125
2772	13844	11118
2773	13848	11113
2774	13853	11107
2775	13858	11102
2776	13862	11097
2777	13867	11092
2778	13872	11086
2779	13877	11081
2780	13884	11078
2781	13890	11074
2782	13897	11071
2783	13902	11065
2784	13905	11059
2785	13910	11054
2786	13914	11048
2787	13918	11043
2788	13924	11038
2789	13929	11033
2790	13934	11028
2791	13937	11022
2792	13943	11018
2793	13949	11013
2794	13954	11008
2795	13960	11004
2796	13967	11001
2797	13971	10995
2798	13977	10991
2799	13982	10986
2800	13986	10980
2801	13991	10975
2802	13996	10970
2803	14002	10966
2804	14007	10960
2805	14011	10955
2806	14016	10950
2807	14022	10946
2808	14026	10940
2809	14030	10935
2810	14034	10929
2811	14041	10925
2812	14046	10920
2813	14050	10915
2814	14059	10913
2815	14063	10907
2816	14068	10902
2817	14073	10896
2818	14078	10891
2819	14084	10887
2820	14088	10882
2821	14092	10876
2822	14097	10871
2823	14101	10865
2824	14106	10860
2825	14111	10855
2826	14116	10851
2827	14121	10845
2828	14127	10841
2829	14132	10836
2830	14136	10831
2831	14140	10825
2832	14146	10821
2833	14153	10817
2834	14160	10813
2835	14165	10808
2836	14170	10804
2837	14177	10800
2838	14181	10794
2839	14185	10789
2840	14190	10784
2841	14195	10779
2842	14201	10774
2843	14207	10770
2844	14212	10765
2845	14215	10759
2846	14220	10754
2847	14225	10749
2848	14230	10744
2849	14236	10739
2850	14241	10734
2851	14244	10728
2852	14253	10726
2853	14259	10722
2854	14266	10718
2855	14271	10713
2856	14277	10709
2857	14282	10704
2858	14286	10698
2859	14290	10693
2860	14295	10688
2861	14301	10683
2862	14307	10679
2863	14311	10673
2864	14316	10668
2865	14320	10663
2866	14325	10657
2867	14330	10653
2868	14336	10648
2869	14343	10645
2870	14348	10640
2871	14355	10636
2872	14359	10630
2873	14364	10625
2874	14369	10620
2875	14373	10615
2876	14379	10610
2877	14383	10605
2878	14388	10599
2879	14392	10594
2880	14398	10590
2881	14402	10584
2882	14406	10578
2883	14412	10574
2884	14416	10568
2885	14423	10564
2886	14427	10559
2887	14435	10556
2888	14442	10553
2889	14446	10547
2890	14452	10542
2891	14457	10537
2892	14461	10532
2893	14466	10527
2894	14470	10521
2895	14474	10516
2896	14479	10511
2897	14484	10506
2898	14488	10500
2899	14493	10495
2900	14496	10488
2901	14501	10483
2902	14506	10479
2903	14512	10474
2904	14516	10469
2905	14522	10464
2906	14526	10459
2907	14531	10453
2908	14540	10451
2909	14545	10446
2910	14550	10441
2911	14555	10436
2912	14559	10431
2913	14564	10425
2914	14569	10421
2915	14573	10415
2916	14578	10410
2917	14583	10405
2918	14589	10401
2919	14592	10394
2920	14596	10388
2921	14601	10383
2922	14606	10379
2923	14611	10373
2924	14615	10368
2925	14619	10362
2926	14624	10357
2927	14630	10353
2928	14633	10347
2929	14638	10341
2930	14649	10340
2931	14652	10335
2932	14659	10331
2933	14665	10326
2934	14669	10321
2935	14675	10316
2936	14679	10311
2937	14683	10305
2938	14688	10300
2939	14693	10295
2940	14698	10290
2941	14702	10285
2942	14706	10279
2943	14712	10274
2944	14717	10269
2945	14723	10265
2946	14726	10259
2947	14731	10254
2948	14736	10248
2949	14742	10244
2950	14748	10240
2951	14753	10235
2952	14759	10231
2953	14762	10224
2954	14768	10220
2955	14773	10215
2956	14779	10210
2957	14783	10205
2958	14787	10200
2959	14793	10195
2960	14797	10190
2961	14801	10184
2962	14805	10178
2963	14810	10173
2964	14815	10168
2965	14821	10164
2966	14826	10159
2967	14831	10154
2968	14836	10149
2969	14841	10143
2970	14846	10138
2971	14851	10134
2972	14857	10129
2973	14860	10123
2974	14863	10117
2975	14866	10111
2976	14872	10106
2977	14877	10101
2978	14882	10096
2979	14887	10091
2980	14893	10087
2981	14898	10082
2982	14904	10077
2983	14908	10072
2984	14913	10067
2985	14916	10060
2986	14921	10056
2987	14926	10050
2988	14932	10046
2989	14937	10041
2990	14942	10036
2991	14948	10032
2992	14952	10026
2993	14961	10024
2994	14965	10018
2995	14971	10014
2996	14975	10008
2997	14981	10004
2998	14984	9997
2999	14990	9993
3000	14994	9988
3001	15000	9983
3002	15003	9977
3003	15009	9972
3004	15013	9967
3005	15019	9962
3006	15023	9957
3007	15028	9952
3008	15034	9947
3009	15039	9943
3010	15044	9937
3011	15049	9932
3012	15053	9927
3013	15058	9922
3014	15066	9919
3015	15072	9914
3016	15078	9910
3017	15082	9905
3018	15087	9900
3019	15092	9895
3020	15097	9889
3021	15102	9884
3022	15106	9879
3023	15112	9874
3024	15117	9869
3025	15122	9865
3026	15127	9860
3027	15131	9854
3028	15136	9849
3029	15141	9844
3030	15147	9839
3031	15153	9836
3032	15158	9830
3033	15162	9825
3034	15167	9820
3035	15174	9816
3036	15177	9810
3037	15183	9805
3038	15187	9800
3039	15191	9794
3040	15195	9789
3041	15199	9783
3042	15204	9778
3043	15208	9772
3044	15213	9767
3045	15217	9762
3046	15221	9756
3047	15225	9750
3048	15230	9746
3049	15235	9740
3050	15239	9735
3051	15245	9730
3052	15251	9726
3053	15256	9721
3054	15261	9716
3055	15266	9711
3056	15270	9706
3057	15275	9700
3058	15280	9696
3059	15286	9691
3060	15291	9686
3061	15297	9682
3062	15302	9677
3063	15307	9672
3064	15311	9666
3065	15319	9663
3066	15324	9658
3067	15330	9653
3068	15334	9648
3069	15339	9643
3070	15343	9637
3071	15349	9633
3072	15354	9628
3073	15360	9623
3074	15365	9618
3075	15369	9613
3076	15374	9608
3077	15380	9603
3078	15386	9599
3079	15391	9594
3080	15397	9590
3081	15401	9584
3082	15406	9579
3083	15413	9575
3084	15421	9572
3085	15426	9568
3086	15431	9562
3087	15435	9557
3088	15440	9552
3089	15446	9547
3090	15452	9543
3091	15457	9538
3092	15462	9533
3093	15468	9528
3094	15472	9523
3095	15478	9518
3096	15483	9513
3097	15487	9508
3098	15493	9503
3099	15497	9498
3100	15502	9493
3101	15507	9488
3102	15513	9484
3103	15520	9480
3104	15526	9476
3105	15532	9471
3106	15537	9466
3107	15541	9460
3108	15545	9455
3109	15550	9450
3110	15556	9445
3111	15561	9440
3112	15565	9435
3113	15570	9430
3114	15576	9426
3115	15581	9420
3116	15587	9416
3117	15592	9411
3118	15597	9406
3119	15603	9402
3120	15609	9397
3121	15615	9393
3122	15622	9389
3123	15626	9383
3124	15631	9378
3125	15636	9373
3126	15640	9368
3127	15645	9363
3128	15651	9358
3129	15657	9354
3130	15664	9350
3131	15668	9344
3132	15674	9340
3133	15680	9336
3134	15685	9331
3135	15689	9325
3136	15694	9320
3137	15698	9315
3138	15705	9310
3139	15713	9307
3140	15719	9303
3141	15725	9299
3142	15729	9293
3143	15734	9288
3144	15739	9283
3145	15744	9278
3146	15748	9273
3147	15752	9267
3148	15757	9262
3149	15762	9257
3150	15767	9252
3151	15773	9247
3152	15776	9241
3153	15782	9237
3154	15786	9231
3155	15794	9228
3156	15800	9223
3157	15804	9218
3158	15809	9213
3159	15814	9208
3160	15818	9203
3161	15823	9198
3162	15829	9193
3163	15833	9187
3164	15838	9182
3165	15843	9177
3166	15848	9172
3167	15854	9168
3168	15858	9162
3169	15863	9157
3170	15867	9152
3171	15873	9147
3172	15882	9144
3173	15888	9140
3174	15893	9135
3175	15898	9130
3176	15903	9125
3177	15909	9120
3178	15913	9115
3179	15917	9110
3180	15922	9105
3181	15927	9100
3182	15932	9094
3183	15938	9090
3184	15943	9085
3185	15949	9080
3186	15953	9075
3187	15958	9070
3188	15963	9065
3189	15967	9059
3190	15971	9054
3191	15977	9049
3192	15984	9046
3193	15989	9041
3194	15993	9035
3195	15997	9029
3196	16002	9024
3197	16007	9019
3198	16012	9014
3199	16018	9010
3200	16023	9005
3201	16028	9000
3202	16033	8995
3203	16038	8990
3204	16043	8985
3205	16047	8979
3206	16052	8974
3207	16057	8969
3208	16063	8965
3209	16068	8960
3210	16074	8956
3211	16081	8951
3212	16087	8947
3213	16093	8943
3214	16099	8938
3215	16103	8932
3216	16106	8927
3217	16111	8921
3218	16116	8916
3219	16120	8911
3220	16125	8906
3221	16130	8901
3222	16134	8895
3223	16140	8891
3224	16145	8886
3225	16149	8880
3226	16154	8875
3227	16159	8870
3228	16163	8864
3229	16168	8860
3230	16173	8854
3231	16177	8849
3232	16185	8846
3233	16190	8841
3234	16195	8836
3235	16200	8831
3236	16205	8826
3237	16209	8820
3238	16213	8814
3239	16217	8809
3240	16222	8804
3241	16226	8799
3242	16231	8793
3243	16235	8788
3244	16239	8782
3245	16243	8777
3246	16249	8772
3247	16254	8767
3248	16259	8762
3249	16263	8757
3250	16269	8752
3251	16274	8747
3252	16280	8743
3253	16285	8738
3254	16289	8733
3255	16293	8727
3256	16298	8722
3257	16304	8717
3258	16309	8712
3259	16315	8708
3260	16320	8703
3261	16325	8698
3262	16330	8693
3263	16336	8688
3264	16342	8684
3265	16348	8679
3266	16352	8674
3267	16357	8669
3268	16362	8664
3269	16367	8659
3270	16373	8654
3271	16377	8649
3272	16381	8643
3273	16386	8638
3274	16391	8633
3275	16396	8628
3276	16400	8623
3277	16405	8618
3278	16412	8614
3279	16416	8608
3280	16423	8604
3281	16430	8600
3282	16436	8596
3283	16441	8591
3284	16446	8586
3285	16451	8581
3286	16456	8576
3287	16461	8571
3288	16467	8566
3289	16472	8561
3290	16477	8556
3291	16483	8552
3292	16488	8547
3293	16493	8541
3294	16498	8537
3295	16503	8532
3296	16508	8527
3297	16513	8522
3298	16518	8517
3299	16522	8511
3300	16529	8507
3301	16535	8502
3302	16539	8497
3303	16545	8492
3304	16549	8487
3305	16554	8482
3306	16559	8477
3307	16564	8472
3308	16569	8467
3309	16574	8462
3310	16578	8457
3311	16584	8452
3312	16588	8447
3313	16594	8442
3314	16599	8437
3315	16603	8432
3316	16608	8427
3317	16613	8421
3318	16619	8417
3319	16624	8412
3320	16628	8407
3321	16633	8401
3322	16638	8396
3323	16643	8391
3324	16647	8386
3325	16652	8381
3326	16656	8375
3327	16661	8370
3328	16665	8365
3329	16670	8360
3330	16676	8355
3331	16680	8350
3332	16685	8345
3333	16691	8340
3334	16695	8335
3335	16701	8330
3336	16705	8325
3337	16711	8320
3338	16716	8315
3339	16722	8311
3340	16728	8306
3341	16732	8301
3342	16737	8296
3343	16742	8291
3344	16746	8285
3345	16751	8280
3346	16756	8275
3347	16761	8270
3348	16766	8265
3349	16771	8260
3350	16776	8255
3351	16784	8252
3352	16790	8247
3353	16795	8242
3354	16799	8237
3355	16803	8231
3356	16809	8226
3357	16813	8221
3358	16819	8216
3359	16823	8211
3360	16828	8206
3361	16834	8202
3362	16839	8196
3363	16844	8191
3364	16849	8187
3365	16854	8181
3366	16859	8176
3367	16864	8172
3368	16872	8168
3369	16879	8164
3370	16884	8159
3371	16886	8152
3372	16890	8147
3373	16895	8142
3374	16900	8137
3375	16905	8132
3376	16910	8127
3377	16915	8122
3378	16920	8117
3379	16924	8111
3380	16928	8106
3381	16932	8100
3382	16939	8096
3383	16944	8091
3384	16950	8087
3385	16956	8082
3386	16961	8077
3387	16966	8072
3388	16970	8067
3389	16974	8061
3390	16979	8056
3391	16983	8051
3392	16988	8046
3393	16992	8040
3394	16996	8035
3395	17003	8030
3396	17008	8026
3397	17013	8021
3398	17018	8015
3399	17022	8010
3400	17028	8005
3401	17033	8001
3402	17038	7996
3403	17046	7992
3404	17053	7988
3405	17058	7983
3406	17063	7978
3407	17067	7972
3408	17072	7968
3409	17076	7962
3410	17081	7957
3411	17085	7951
3412	17090	7947
3413	17096	7942
3414	17098	7936
3415	17103	7931
3416	17109	7926
3417	17114	7921
3418	17120	7916
3419	17125	7911
3420	17133	7908
3421	17141	7904
3422	17146	7899
3423	17153	7895
3424	17158	7890
3425	17164	7885
3426	17169	7881
3427	17174	7875
3428	17180	7871
3429	17185	7866
3430	17189	7860
3431	17193	7855
3432	17199	7850
3433	17205	7846
3434	17210	7840
3435	17215	7836
3436	17221	7831
3437	17227	7827
3438	17235	7823
3439	17244	7820
3440	17249	7814
3441	17254	7810
3442	17259	7805
3443	17264	7800
3444	17269	7795
3445	17273	7789
3446	17279	7784
3447	17284	7780
3448	17290	7775
3449	17293	7769
3450	17299	7764
3451	17303	7759
3452	17307	7754
3453	17312	7749
3454	17319	7744
3455	17326	7740
3456	17332	7736
3457	17337	7731
3458	17341	7725
3459	17347	7720
3460	17351	7715
3461	17355	7710
3462	17361	7705
3463	17366	7700
3464	17371	7695
3465	17378	7691
3466	17383	7686
3467	17387	7681
3468	17392	7675
3469	17399	7671
3470	17405	7667
3471	17412	7663
3472	17418	7658
3473	17422	7653
3474	17428	7648
3475	17431	7642
3476	17436	7637
3477	17441	7632
3478	17444	7626
3479	17448	7621
3480	17454	7616
3481	17458	7610
3482	17462	7605
3483	17468	7600
3484	17474	7596
3485	17480	7591
3486	17488	7588
3487	17493	7583
3488	17498	7578
3489	17503	7573
3490	17507	7567
3491	17512	7562
3492	17517	7557
3493	17521	7551
3494	17526	7547
3495	17531	7542
3496	17536	7537
3497	17541	7531
3498	17546	7527
3499	17550	7521
3500	17555	7516
3501	17561	7512
3502	17566	7507
3503	17574	7503
3504	17580	7498
3505	17584	7493
3506	17589	7488
3507	17595	7483
3508	17600	7478
3509	17604	7473
3510	17609	7468
3511	17614	7463
3512	17619	7458
3513	17625	7453
3514	17630	7448
3515	17636	7443
3516	17643	7439
3517	17648	7434
3518	17653	7429
3519	17657	7424
3520	17663	7419
3521	17668	7414
3522	17672	7408
3523	17677	7403
3524	17681	7398
3525	17685	7393
3526	17690	7388
3527	17695	7383
3528	17700	7378
3529	17705	7373
3530	17710	7368
3531	17715	7362
3532	17720	7358
3533	17725	7352
3534	17729	7347
3535	17732	7341
3536	17737	7336
3537	17743	7331
3538	17748	7326
3539	17753	7321
3540	17756	7316
3541	17761	7311
3542	17766	7305
3543	17771	7301
3544	17775	7295
3545	17779	7290
3546	17784	7285
3547	17790	7280
3548	17796	7276
3549	17801	7271
3550	17807	7266
3551	17812	7261
3552	17817	7256
3553	17822	7251
3554	17827	7246
3555	17832	7241
3556	17836	7235
3557	17841	7231
3558	17847	7226
3559	17851	7220
3560	17856	7215
3561	17860	7210
3562	17865	7205
3563	17869	7200
3564	17874	7195
3565	17879	7189
3566	17882	7184
3567	17888	7179
3568	17893	7174
3569	17897	7169
3570	17902	7163
3571	17907	7158
3572	17911	7153
3573	17916	7148
3574	17920	7143
3575	17925	7138
3576	17929	7132
3577	17934	7127
3578	17939	7122
3579	17942	7116
3580	17947	7111
3581	17951	7106
3582	17957	7101
3583	17964	7097
3584	17970	7092
3585	17974	7087
3586	17978	7082
3587	17983	7077
3588	17989	7072
3589	17995	7067
3590	17999	7062
3591	18003	7057
3592	18009	7052
3593	18014	7047
3594	18018	7042
3595	18023	7036
3596	18029	7032
3597	18033	7027
3598	18039	7022
3599	18045	7017
3600	18051	7013
3601	18057	7008
3602	18062	7003
3603	18067	6998
3604	18071	6992
3605	18075	6987
3606	18079	6982
3607	18083	6976
3608	18089	6972
3609	18095	6967
3610	18100	6962
3611	18105	6957
3612	18109	6952
3613	18112	6946
3614	18117	6941
3615	18125	6937
3616	18132	6933
3617	18138	6928
3618	18143	6923
3619	18150	6919
3620	18154	6913
3621	18158	6908
3622	18165	6904
3623	18173	6900
3624	18177	6894
3625	18185	6890
3626	18190	6886
3627	18196	6881
3628	18202	6876
3629	18208	6872
3630	18214	6867
3631	18220	6862
3632	18227	6858
3633	18232	6853
3634	18238	6848
3635	18242	6843
3636	18247	6838
3637	18253	6833
3638	18257	6828
3639	18262	6823
3640	18268	6818
3641	18273	6813
3642	18278	6808
3643	18283	6803
3644	18289	6798
3645	18295	6794
3646	18301	6789
3647	18305	6784
3648	18311	6779
3649	18317	6774
3650	18322	6769
3651	18328	6765
3652	18335	6760
3653	18339	6755
3654	18344	6750
3655	18348	6745
3656	18354	6740
3657	18360	6735
3658	18365	6730
3659	18371	6726
3660	18376	6721
3661	18382	6716
3662	18387	6711
3663	18393	6706
3664	18399	6702
3665	18406	6697
3666	18409	6692
3667	18416	6687
3668	18421	6682
3669	18427	6678
3670	18434	6673
3671	18440	6669
3672	18445	6664
3673	18450	6659
3674	18455	6653
3675	18463	6649
3676	18467	6644
3677	18471	6639
3678	18478	6635
3679	18485	6630
3680	18490	6625
3681	18496	6621
3682	18502	6616
3683	18509	6611
3684	18512	6606
3685	18517	6601
3686	18524	6596
3687	18529	6591
3688	18535	6587
3689	18541	6582
3690	18548	6578
3691	18552	6572
3692	18557	6567
3693	18562	6562
3694	18568	6557
3695	18574	6553
3696	18579	6548
3697	18586	6543
3698	18592	6539
3699	18597	6534
3700	18602	6529
3701	18608	6524
3702	18614	6519
3703	18618	6514
3704	18625	6510
3705	18630	6505
3706	18637	6500
3707	18642	6495
3708	18649	6491
3709	18654	6486
3710	18659	6481
3711	18663	6476
3712	18670	6471
3713	18675	6466
3714	18682	6462
3715	18688	6457
3716	18693	6452
3717	18699	6447
3718	18703	6442
3719	18708	6437
3720	18716	6433
3721	18723	6428
3722	18729	6424
3723	18734	6419
3724	18738	6413
3725	18744	6409
3726	18749	6404
3727	18755	6399
3728	18761	6394
3729	18768	6390
3730	18773	6385
3731	18779	6380
3732	18785	6375
3733	18791	6371
3734	18799	6367
3735	18802	6361
3736	18807	6356
3737	18810	6350
3738	18815	6345
3739	18822	6341
3740	18828	6336
3741	18834	6331
3742	18839	6326
3743	18847	6322
3744	18852	6317
3745	18857	6312
3746	18862	6307
3747	18867	6302
3748	18871	6297
3749	18878	6292
3750	18885	6288
3751	18891	6283
3752	18898	6279
3753	18904	6274
3754	18909	6269
3755	18914	6264
3756	18919	6259
3757	18926	6255
3758	18929	6249
3759	18935	6244
3760	18940	6239
3761	18946	6234
3762	18952	6230
3763	18959	6225
3764	18965	6221
3765	18971	6216
3766	18975	6210
3767	18980	6206
3768	18985	6200
3769	18990	6195
3770	18995	6190
3771	19002	6186
3772	19008	6181
3773	19015	6177
3774	19020	6172
3775	19027	6167
3776	19033	6163
3777	19039	6158
3778	19046	6153
3779	19051	6148
3780	19060	6145
3781	19066	6140
3782	19071	6135
3783	19076	6130
3784	19081	6125
3785	19088	6120
3786	19093	6115
3787	19098	6110
3788	19105	6106
3789	19111	6101
3790	19117	6096
3791	19120	6091
3792	19126	6086
3793	19133	6081
3794	19139	6077
3795	19145	6072
3796	19152	6067
3797	19158	6063
3798	19164	6058
3799	19169	6053
3800	19173	6048
3801	19177	6042
3802	19184	6038
3803	19190	6033
3804	19196	6028
3805	19200	6023
3806	19207	6019
3807	19214	6014
3808	19221	6010
3809	19227	6005
3810	19234	6001
3811	19240	5996
3812	19245	5991
3813	19249	5985
3814	19256	5981
3815	19260	5975
3816	19266	5971
3817	19272	5966
3818	19277	5961
3819	19282	5956
3820	19288	5951
3821	19294	5946
3822	19300	5942
3823	19305	5936
3824	19312	5932
3825	19319	5928
3826	19324	5923
3827	19329	5918
3828	19334	5912
3829	19339	5908
3830	19345	5903
3831	19349	5897
3832	19355	5893
3833	19360	5887
3834	19364	5882
3835	19372	5878
3836	19378	5873
3837	19383	5868
3838	19388	5863
3839	19392	5858
3840	19398	5853
3841	19405	5848
3842	19410	5843
3843	19415	5838
3844	19419	5833
3845	19425	5828
3846	19429	5823
3847	19435	5818
3848	19440	5813
3849	19446	5808
3850	19452	5803
3851	19459	5799
3852	19464	5794
3853	19469	5789
3854	19476	5784
3855	19482	5780
3856	19489	5775
3857	19494	5770
3858	19500	5765
3859	19505	5760
3860	19509	5755
3861	19513	5749
3862	19520	5745
3863	19526	5740
3864	19531	5735
3865	19536	5730
3866	19540	5725
3867	19545	5719
3868	19551	5715
3869	19555	5709
3870	19561	5705
3871	19567	5700
3872	19572	5695
3873	19577	5690
3874	19584	5685
3875	19590	5681
3876	19595	5675
3877	19598	5670
3878	19604	5665
3879	19610	5660
3880	19614	5655
3881	19620	5650
3882	19626	5645
3883	19631	5640
3884	19637	5636
3885	19643	5631
3886	19647	5625
3887	19653	5621
3888	19658	5615
3889	19661	5610
3890	19666	5605
3891	19674	5601
3892	19681	5596
3893	19686	5591
3894	19692	5586
3895	19696	5581
3896	19701	5576
3897	19705	5571
3898	19711	5566
3899	19715	5560
3900	19720	5555
3901	19726	5550
3902	19730	5545
3903	19734	5540
3904	19739	5535
3905	19744	5530
3906	19748	5524
3907	19753	5519
3908	19760	5515
3909	19767	5510
3910	19773	5505
3911	19777	5500
3912	19781	5495
3913	19786	5490
3914	19792	5485
3915	19795	5479
3916	19800	5474
3917	19805	5469
3918	19808	5463
3919	19814	5459
3920	19819	5453
3921	19824	5448
3922	19828	5443
3923	19833	5438
3924	19838	5433
3925	19847	5429
3926	19852	5424
3927	19857	5419
3928	19862	5414
3929	19867	5409
3930	19871	5403
3931	19877	5399
3932	19883	5394
3933	19887	5389
3934	19891	5383
3935	19897	5378
3936	19902	5373
3937	19906	5368
3938	19910	5363
3939	19915	5357
3940	19919	5352
3941	19925	5347
3942	19931	5342
3943	19935	5337
3944	19940	5332
3945	19945	5327
3946	19950	5322
3947	19955	5317
3948	19960	5312
3949	19964	5306
3950	19970	5302
3951	19974	5296
3952	19979	5291
3953	19985	5286
3954	19990	5281
3955	19993	5276
3956	19997	5271
3957	20003	5266
3958	20007	5260
3959	20012	5255
3960	20019	5251
3961	20024	5246
3962	20029	5241
3963	20034	5235
3964	20037	5230
3965	20041	5225
3966	20045	5219
3967	20051	5215
3968	20056	5209
3969	20061	5204
3970	20065	5199
3971	20071	5194
3972	20076	5189
3973	20081	5184
3974	20086	5179
3975	20090	5174
3976	20095	5169
3977	20101	5164
3978	20108	5159
3979	20114	5155
3980	20120	5150
3981	20125	5145
3982	20129	5139
3983	20133	5134
3984	20139	5129
3985	20144	5124
3986	20150	5119
3987	20155	5114
3988	20160	5109
3989	20165	5104
3990	20169	5099
3991	20172	5093
3992	20178	5088
3993	20183	5083
3994	20188	5078
3995	20195	5074
3996	20201	5069
3997	20204	5063
3998	20211	5059
3999	20217	5054
4000	20221	5048
4001	20226	5044
4002	20232	5039
4003	20237	5034
4004	20242	5028
4005	20247	5023
4006	20250	5018
4007	20255	5013
4008	20261	5008
4009	20264	5003
4010	20269	4997
4011	20273	4992
4012	20281	4988
4013	20287	4983
4014	20292	4978
4015	20297	4973
4016	20302	4968
4017	20307	4963
4018	20311	4957
4019	20314	4952
4020	20319	4947
4021	20324	4942
4022	20328	4936
4023	20332	4931
4024	20336	4926
4025	20340	4920
4026	20344	4915
4027	20349	4910
4028	20353	4905
4029	20357	4899
4030	20362	4894
4031	20369	4890
4032	20375	4885
4033	20382	4880
4034	20388	4876
4035	20393	4870
4036	20398	4866
4037	20403	4860
4038	20408	4855
4039	20414	4850
4040	20418	4845
4041	20423	4840
4042	20428	4835
4043	20432	4830
4044	20435	4824
4045	20439	4819
4046	20443	4814
4047	20448	4809
4048	20453	4804
4049	20458	4798
4050	20463	4793
4051	20468	4788
4052	20473	4783
4053	20480	4779
4054	20487	4774
4055	20492	4769
4056	20496	4764
4057	20501	4759
4058	20505	4753
4059	20508	4748
4060	20513	4743
4061	20518	4738
4062	20522	4732
4063	20528	4727
4064	20533	4723
4065	20538	4717
4066	20543	4712
4067	20547	4707
4068	20551	4702
4069	20561	4698
4070	20566	4693
4071	20571	4688
4072	20576	4683
4073	20581	4677
4074	20586	4672
4075	20589	4667
4076	20594	4662
4077	20600	4657
4078	20604	4652
4079	20609	4647
4080	20612	4641
4081	20618	4636
4082	20624	4631
4083	20629	4626
4084	20634	4621
4085	20639	4616
4086	20646	4612
4087	20651	4607
4088	20658	4602
4089	20665	4597
4090	20670	4592
4091	20673	4587
4092	20677	4582
4093	20681	4576
4094	20685	4571
4095	20689	4566
4096	20695	4561
4097	20701	4556
4098	20706	4551
4099	20712	4546
4100	20717	4541
4101	20721	4536
4102	20729	4531
4103	20737	4527
4104	20745	4523
4105	20750	4518
4106	20755	4513
4107	20760	4507
4108	20764	4502
4109	20769	4497
4110	20775	4492
4111	20778	4487
4112	20783	4482
4113	20788	4477
4114	20793	4472
4115	20800	4467
4116	20808	4462
4117	20813	4457
4118	20818	4452
4119	20822	4447
4120	20826	4442
4121	20831	4437
4122	20836	4432
4123	20840	4426
4124	20845	4421
4125	20852	4417
4126	20857	4411
4127	20860	4406
4128	20866	4401
4129	20872	4396
4130	20877	4391
4131	20884	4387
4132	20891	4382
4133	20894	4377
4134	20899	4371
4135	20904	4366
4136	20909	4361
4137	20912	4356
4138	20918	4351
4139	20923	4346
4140	20928	4341
4141	20933	4336
4142	20939	4331
4143	20943	4326
4144	20947	4320
4145	20953	4316
4146	20958	4311
4147	20964	4306
4148	20969	4301
4149	20973	4295
4150	20980	4291
4151	20985	4285
4152	20990	4281
4153	20995	4275
4154	21000	4270
4155	21006	4265
4156	21010	4260
4157	21014	4255
4158	21018	4250
4159	21024	4245
4160	21029	4240
4161	21035	4235
4162	21040	4230
4163	21044	4225
4164	21049	4220
4165	21054	4214
4166	21061	4210
4167	21067	4205
4168	21073	4200
4169	21076	4195
4170	21081	4189
4171	21086	4185
4172	21092	4180
4173	21097	4175
4174	21101	4169
4175	21106	4164
4176	21111	4159
4177	21116	4154
4178	21121	4149
4179	21125	4144
4180	21130	4139
4181	21137	4134
4182	21143	4129
4183	21149	4124
4184	21154	4119
4185	21159	4114
4186	21164	4109
4187	21169	4104
4188	21174	4099
4189	21178	4094
4190	21183	4089
4191	21189	4084
4192	21195	4079
4193	21201	4074
4194	21207	4069
4195	21212	4064
4196	21218	4059
4197	21223	4054
4198	21229	4049
4199	21237	4045
4200	21243	4040
4201	21247	4035
4202	21251	4029
4203	21256	4024
4204	21261	4019
4205	21266	4014
4206	21270	4009
4207	21276	4004
4208	21280	3999
4209	21286	3994
4210	21290	3989
4211	21295	3984
4212	21299	3978
4213	21304	3973
4214	21310	3968
4215	21316	3963
4216	21324	3959
4217	21331	3954
4218	21337	3949
4219	21342	3944
4220	21347	3939
4221	21351	3934
4222	21355	3929
4223	21360	3924
4224	21365	3919
4225	21371	3914
4226	21376	3909
4227	21381	3904
4228	21386	3899
4229	21391	3893
4230	21397	3888
4231	21401	3883
4232	21406	3878
4233	21410	3873
4234	21415	3868
4235	21419	3863
4236	21425	3858
4237	21431	3853
4238	21437	3848
4239	21442	3843
4240	21446	3838
4241	21451	3833
4242	21456	3828
4243	21460	3822
4244	21465	3817
4245	21470	3812
4246	21473	3807
4247	21477	3802
4248	21482	3796
4249	21487	3791
4250	21493	3786
4251	21498	3781
4252	21502	3776
4253	21506	3771
4254	21511	3766
4255	21516	3761
4256	21522	3756
4257	21528	3751
4258	21534	3746
4259	21539	3741
4260	21543	3736
4261	21548	3731
4262	21555	3726
4263	21561	3721
4264	21566	3716
4265	21571	3711
4266	21576	3706
4267	21581	3701
4268	21586	3696
4269	21592	3691
4270	21596	3686
4271	21602	3681
4272	21606	3676
4273	21610	3670
4274	21616	3665
4275	21625	3661
4276	21631	3656
4277	21636	3651
4278	21640	3646
4279	21646	3641
4280	21651	3636
4281	21657	3631
4282	21662	3626
4283	21667	3621
4284	21672	3616
4285	21678	3611
4286	21683	3606
4287	21689	3601
4288	21693	3596
4289	21698	3591
4290	21703	3586
4291	21711	3581
4292	21716	3576
4293	21722	3571
4294	21727	3566
4295	21732	3561
4296	21737	3556
4297	21743	3551
4298	21748	3546
4299	21752	3541
4300	21756	3535
4301	21761	3530
4302	21766	3525
4303	21771	3520
4304	21775	3515
4305	21779	3510
4306	21784	3505
4307	21788	3499
4308	21791	3494
4309	21800	3490
4310	21807	3485
4311	21811	3480
4312	21815	3474
4313	21820	3469
4314	21826	3464
4315	21831	3459
4316	21835	3454
4317	21840	3449
4318	21845	3444
4319	21849	3439
4320	21854	3434
4321	21859	3429
4322	21863	3423
4323	21868	3418
4324	21876	3414
4325	21883	3409
4326	21888	3404
4327	21894	3399
4328	21898	3394
4329	21903	3389
4330	21907	3384
4331	21912	3378
4332	21917	3373
4333	21921	3368
4334	21926	3363
4335	21932	3358
4336	21936	3353
4337	21941	3348
4338	21946	3343
4339	21951	3338
4340	21956	3333
4341	21960	3328
4342	21965	3322
4343	21970	3317
4344	21976	3312
4345	21983	3308
4346	21988	3303
4347	21996	3298
4348	22000	3293
4349	22004	3288
4350	22009	3282
4351	22014	3277
4352	22020	3272
4353	22023	3267
4354	22029	3262
4355	22033	3257
4356	22038	3252
4357	22043	3247
4358	22047	3242
4359	22052	3237
4360	22058	3232
4361	22062	3226
4362	22067	3221
4363	22071	3216
4364	22076	3211
4365	22081	3206
4366	22087	3201
4367	22096	3197
4368	22101	3192
4369	22106	3187
4370	22112	3181
4371	22117	3177
4372	22121	3171
4373	22125	3166
4374	22130	3161
4375	22135	3156
4376	22139	3151
4377	22142	3145
4378	22148	3140
4379	22152	3135
4380	22157	3130
4381	22161	3125
4382	22166	3120
4383	22171	3115
4384	22176	3110
4385	22181	3105
4386	22186	3100
4387	22194	3095
4388	22200	3090
4389	22207	3085
4390	22211	3080
4391	22216	3075
4392	22221	3070
4393	22225	3065
4394	22230	3060
4395	22234	3055
4396	22239	3049
4397	22243	3044
4398	22248	3039
4399	22253	3034
4400	22258	3029
4401	22263	3024
4402	22269	3019
4403	22274	3014
4404	22279	3009
4405	22284	3004
4406	22288	2999
4407	22293	2994
4408	22298	2988
4409	22303	2983
4410	22308	2978
4411	22314	2973
4412	22318	2968
4413	22322	2963
4414	22327	2958
4415	22331	2953
4416	22336	2948
4417	22340	2943
4418	22345	2937
4419	22349	2932
4420	22353	2927
4421	22359	2922
4422	22364	2917
4423	22369	2912
4424	22374	2907
4425	22379	2902
4426	22384	2897
4427	22389	2892
4428	22395	2887
4429	22400	2882
4430	22403	2876
4431	22409	2872
4432	22416	2867
4433	22421	2862
4434	22426	2857
4435	22431	2851
4436	22436	2846
4437	22441	2841
4438	22446	2836
4439	22451	2831
4440	22456	2826
4441	22462	2821
4442	22468	2816
4443	22472	2811
4444	22478	2806
4445	22485	2801
4446	22490	2796
4447	22494	2791
4448	22500	2786
4449	22509	2782
4450	22515	2777
4451	22521	2772
4452	22526	2767
4453	22529	2761
4454	22535	2756
4455	22538	2751
4456	22543	2746
4457	22548	2741
4458	22552	2736
4459	22558	2731
4460	22563	2726
4461	22568	2721
4462	22572	2716
4463	22575	2710
4464	22581	2705
4465	22586	2700
4466	22592	2695
4467	22598	2690
4468	22605	2685
4469	22612	2681
4470	22617	2676
4471	22621	2670
4472	22627	2665
4473	22632	2660
4474	22636	2655
4475	22640	2650
4476	22644	2645
4477	22649	2640
4478	22653	2635
4479	22658	2630
4480	22663	2624
4481	22667	2619
4482	22672	2614
4483	22677	2609
4484	22681	2604
4485	22688	2599
4486	22695	2594
4487	22701	2589
4488	22707	2584
4489	22711	2579
4490	22716	2574
4491	22721	2569
4492	22726	2564
4493	22731	2559
4494	22735	2554
4495	22740	2549
4496	22746	2544
4497	22751	2539
4498	22756	2534
4499	22761	2529
4500	22767	2524
4501	22775	2519
4502	22781	2514
4503	22785	2509
4504	22789	2504
4505	22793	2498
4506	22798	2493
4507	22803	2488
4508	22808	2483
4509	22813	2478
4510	22818	2473
4511	22822	2468
4512	22828	2463
4513	22833	2458
4514	22839	2453
4515	22843	2448
4516	22848	2443
4517	22853	2438
4518	22858	2433
4519	22865	2428
4520	22870	2423
4521	22875	2418
4522	22878	2412
4523	22883	2407
4524	22888	2402
4525	22893	2397
4526	22897	2392
4527	22903	2387
4528	22909	2382
4529	22914	2377
4530	22918	2372
4531	22923	2367
4532	22927	2362
4533	22930	2356
4534	22937	2351
4535	22943	2346
4536	22949	2342
4537	22954	2336
4538	22959	2331
4539	22965	2326
4540	22970	2321
4541	22974	2316
4542	22979	2311
4543	22985	2306
4544	22989	2301
4545	22994	2296
4546	23000	2291
4547	23004	2286
4548	23011	2281
4549	23015	2276
4550	23022	2271
4551	23027	2266
4552	23033	2261
4553	23038	2256
4554	23043	2251
4555	23048	2246
4556	23054	2241
4557	23059	2236
4558	23063	2230
4559	23069	2225
4560	23073	2220
4561	23078	2215
4562	23082	2210
4563	23088	2205
4564	23092	2200
4565	23098	2195
4566	23102	2190
4567	23107	2185
4568	23111	2180
4569	23116	2175
4570	23121	2170
4571	23126	2164
4572	23131	2159
4573	23137	2154
4574	23143	2149
4575	23148	2144
4576	23153	2139
4577	23158	2134
4578	23163	2129
4579	23167	2124
4580	23172	2119
4581	23180	2114
4582	23185	2109
4583	23192	2104
4584	23198	2099
4585	23203	2094
4586	23208	2089
4587	23213	2084
4588	23217	2079
4589	23223	2074
4590	23228	2069
4591	23233	2064
4592	23238	2059
4593	23242	2054
4594	23246	2048
4595	23251	2043
4596	23256	2038
4597	23260	2033
4598	23266	2028
4599	23275	2023
4600	23280	2018
4601	23287	2013
4602	23292	2008
4603	23296	2003
4604	23301	1998
4605	23306	1993
4606	23312	1988
4607	23316	1983
4608	23320	1978
4609	23324	1973
4610	23330	1968
4611	23335	1963
4612	23340	1958
4613	23346	1953
4614	23350	1948
4615	23355	1942
4616	23361	1937
4617	23369	1933
4618	23374	1928
4619	23381	1923
4620	23386	1918
4621	23392	1913
4622	23396	1907
4623	23400	1902
4624	23405	1897
4625	23409	1892
4626	23414	1887
4627	23419	1882
4628	23424	1877
4629	23430	1872
4630	23433	1867
4631	23438	1862
4632	23443	1857
4633	23448	1851
4634	23455	1847
4635	23460	1842
4636	23468	1837
4637	23472	1832
4638	23477	1826
4639	23482	1821
4640	23487	1816
4641	23491	1811
4642	23495	1806
4643	23500	1801
4644	23506	1796
4645	23512	1791
4646	23517	1786
4647	23521	1781
4648	23525	1776
4649	23530	1771
4650	23535	1766
4651	23541	1761
4652	23548	1756
4653	23555	1751
4654	23559	1746
4655	23563	1740
4656	23568	1735
4657	23572	1730
4658	23576	1725
4659	23580	1720
4660	23585	1715
4661	23589	1710
4662	23594	1705
4663	23599	1700
4664	23604	1695
4665	23609	1690
4666	23614	1684
4667	23619	1679
4668	23625	1674
4669	23632	1669
4670	23638	1664
4671	23644	1659
4672	23649	1654
4673	23654	1649
4674	23659	1644
4675	23664	1639
4676	23670	1634
4677	23674	1629
4678	23679	1624
4679	23684	1619
4680	23688	1614
4681	23692	1609
4682	23698	1604
4683	23703	1599
4684	23708	1594
4685	23714	1589
4686	23721	1584
4687	23728	1579
4688	23734	1574
4689	23739	1569
4690	23744	1564
4691	23748	1558
4692	23752	1553
4693	23757	1548
4694	23762	1543
4695	23767	1538
4696	23771	1533
4697	23775	1528
4698	23779	1523
4699	23784	1518
4700	23790	1513
4701	23795	1508
4702	23800	1503
4703	23805	1497
4704	23810	1492
4705	23817	1487
4706	23822	1482
4707	23828	1477
4708	23833	1472
4709	23836	1467
4710	23842	1462
4711	23848	1457
4712	23851	1452
4713	23855	1447
4714	23860	1442
4715	23866	1437
4716	23870	1432
4717	23875	1427
4718	23880	1422
4719	23885	1416
4720	23891	1411
4721	23896	1406
4722	23903	1401
4723	23909	1396
4724	23913	1391
4725	23918	1386
4726	23925	1381
4727	23931	1376
4728	23935	1371
4729	23940	1366
4730	23945	1361
4731	23951	1356
4732	23957	1351
4733	23963	1346
4734	23968	1341
4735	23973	1336
4736	23978	1331
4737	23981	1326
4738	23987	1321
4739	23992	1316
4740	23997	1310
4741	24002	1305
4742	24005	1300
4743	24011	1295
4744	24016	1290
4745	24021	1285
4746	24027	1280
4747	24032	1275
4748	24037	1270
4749	24043	1265
4750	24048	1260
4751	24053	1255
4752	24058	1250
4753	24062	1245
4754	24066	1240
4755	24073	1235
4756	24080	1230
4757	24086	1225
4758	24092	1220
4759	24096	1214
4760	24101	1209
4761	24105	1204
4762	24109	1199
4763	24115	1194
4764	24120	1189
4765	24125	1184
4766	24130	1179
4767	24135	1174
4768	24139	1169
4769	24144	1164
4770	24148	1159
4771	24152	1153
4772	24156	1148
4773	24163	1143
4774	24167	1138
4775	24172	1133
4776	24178	1128
4777	24183	1123
4778	24187	1118
4779	24192	1113
4780	24197	1108
4781	24201	1103
4782	24207	1098
4783	24211	1093
4784	24215	1088
4785	24220	1082
4786	24225	1077
4787	24230	1072
4788	24234	1067
4789	24240	1062
4790	24247	1057
4791	24252	1052
4792	24259	1047
4793	24263	1042
4794	24267	1037
4795	24273	1032
4796	24277	1027
4797	24282	1022
4798	24287	1017
4799	24292	1012
4800	24297	1007
4801	24302	1002
4802	24306	996
4803	24312	991
4804	24317	986
4805	24323	981
4806	24327	976
4807	24337	971
4808	24342	966
4809	24348	961
4810	24354	956
4811	24359	951
4812	24364	946
4813	24367	941
4814	24372	936
4815	24377	931
4816	24381	926
4817	24385	921
4818	24391	916
4819	24395	911
4820	24400	905
4821	24405	900
4822	24410	895
4823	24414	890
4824	24420	885
4825	24427	880
4826	24433	875
4827	24440	870
4828	24443	865
4829	24448	860
4830	24453	855
4831	24458	850
4832	24463	845
4833	24468	840
4834	24472	835
4835	24477	830
4836	24482	825
4837	24487	819
4838	24492	814
4839	24497	809
4840	24502	804
4841	24508	799
4842	24512	794
4843	24517	789
4844	24526	784
4845	24532	779
4846	24537	774
4847	24544	769
4848	24549	764
4849	24553	759
4850	24558	754
4851	24564	749
4852	24570	744
4853	24575	739
4854	24580	734
4855	24585	729
4856	24590	724
4857	24595	718
4858	24599	713
4859	24605	708
4860	24611	703
4861	24619	698
4862	24624	693
4863	24629	688
4864	24635	683
4865	24639	678
4866	24643	673
4867	24646	668
4868	24651	663
4869	24655	658
4870	24660	653
4871	24665	648
4872	24671	642
4873	24677	637
4874	24681	632
4875	24687	627
4876	24693	622
4877	24698	617
4878	24705	612
4879	24713	607
4880	24720	602
4881	24725	597
4882	24730	592
4883	24734	587
4884	24738	582
4885	24743	577
4886	24747	572
4887	24752	567
4888	24757	562
4889	24762	557
4890	24766	551
4891	24770	546
4892	24775	541
4893	24780	536
4894	24785	531
4895	24790	526
4896	24795	521
4897	24802	516
4898	24807	511
4899	24811	506
4900	24816	501
4901	24821	496
4902	24827	491
4903	24831	486
4904	24836	481
4905	24841	475
4906	24847	470
4907	24852	465
4908	24856	460
4909	24860	455
4910	24865	450
4911	24870	445
4912	24878	440
4913	24885	435
4914	24892	430
4915	24897	425
4916	24902	420
4917	24906	415
4918	24910	410
4919	24915	405
4920	24919	400
4921	24925	395
4922	24930	389
4923	24935	384
4924	24938	379
4925	24942	374
4926	24947	369
4927	24951	364
4928	24957	359
4929	24962	354
4930	24967	349
4931	24973	344
4932	24979	339
4933	24986	334
4934	24991	329
4935	24996	324
4936	25001	319
4937	25006	313
4938	25010	308
4939	25015	303
4940	25020	298
4941	25024	293
4942	25028	288
4943	25032	283
4944	25036	278
4945	25038	273
4946	25041	268
4947	25044	263
4948	25046	258
4949	25049	253
4950	25052	247
4951	25056	242
4952	25059	237
4953	25062	232
4954	25066	227
4955	25068	222
4956	25070	217
4957	25073	212
4958	25077	207
4959	25080	202
4960	25085	197
4961	25088	192
4962	25091	187
4963	25094	181
4964	25097	176
4965	25100	171
4966	25104	166
4967	25108	161
4968	25113	156
4969	25116	151
4970	25120	146
4971	25122	141
4972	25124	136
4973	25126	131
4974	25128	126
4975	25130	121
4976	25133	116
4977	25135	111
4978	25138	106
4979	25141	100
4980	25145	95
4981	25148	90
4982	25151	85
4983	25153	80
4984	25155	75
4985	25157	70
4986	25162	65
4987	25165	60
4988	25168	55
4989	25170	50
4990	25172	45
4991	25175	40
4992	25177	35
4993	25179	30
4994	25183	25
4995	25186	20
4996	25189	15
4997	25191	10
4998	25209	5
4999	25213	0
9	25135	0
